Title,abstract
ChatGPT as a commenter to the news: can LLMs generate human-like opinions?,"This paper investigates the capability of large language models (LLMs) to generate opinionated comments on news articles that resemble human responses. Using ChatGPT as a representative LLM, the study evaluates generated comments across multiple news domains, including politics, economics, and social issues. The analysis focuses on linguistic structure, sentiment distribution, stance consistency, and topical relevance. Human-written comments are used as a baseline for comparison through both automated metrics and human evaluation. Results indicate that while LLM-generated comments demonstrate high grammatical accuracy and contextual relevance, they exhibit limitations in originality, personal experience expression, and long-term opinion consistency. The findings suggest that LLMs can approximate surface-level characteristics of human opinions but lack deeper cognitive and experiential grounding. This work contributes to understanding the role of LLMs in online discourse and raises implications for automated participation in public opinion spaces.   Large language models are increasingly deployed in interactive and content-generation settings, including simulated participation in online discussions. This study examines whether LLMs can function as news commenters by producing opinions that are indistinguishable from human-authored comments. We conduct a controlled experiment in which ChatGPT generates comments in response to curated news articles, and these outputs are compared with real user comments using lexical, semantic, and pragmatic features. Evaluation results show that LLM-generated opinions align closely with dominant narrative patterns and commonly expressed viewpoints but tend to avoid extreme positions and nuanced personal judgments. Additionally, the model demonstrates probabilistic opinion construction rather than genuine belief formation. The study concludes that LLMs generate statistically plausible opinions rather than authentic human perspectives, highlighting both their utility and limitations in modeling public discourse."
Understanding the Effects of Human-written Paraphrases in LLM-generated Text Detection,"The rapid adoption of large language models has increased the need for reliable methods to detect machine-generated text. This paper investigates the impact of human-written paraphrases on the performance of LLM-generated text detection systems. We analyze whether paraphrasing machine-generated content by humans affects detector accuracy across multiple detection models. The study considers lexical variation, syntactic restructuring, and semantic preservation introduced through paraphrasing. Experimental results show that human-written paraphrases significantly reduce detection performance, leading to higher false-negative rates. The findings indicate that current detection approaches rely heavily on surface-level statistical patterns that are disrupted by paraphrasing. This work highlights limitations in existing detection methods and emphasizes the need for more robust detection strategies that account for human-mediated text transformations.  Detecting text generated by large language models is a critical challenge in maintaining content authenticity. This study examines how human-written paraphrases influence the detectability of LLM-generated text. Using a benchmark dataset of machine-generated texts and their human-paraphrased versions, we evaluate multiple state-of-the-art detection models. The analysis focuses on changes in token distribution, syntactic complexity, and semantic similarity. Results demonstrate that even minimal human paraphrasing substantially degrades detector performance, suggesting that paraphrased content deviates from learned machine-generation signatures. The study concludes that human intervention introduces linguistic variability that current detectors fail to model effectively. These findings provide insights into adversarial weaknesses of LLM detection systems and inform future research on resilient detection methodologies."
Distinguishing LLM-generated from Human-written Code by Contrastive Learning,"The increasing use of large language models for code generation has created challenges in distinguishing machine-generated code from human-written implementations. This paper proposes a contrastive learning–based approach to differentiate LLM-generated code from human-authored code. The method learns discriminative representations by maximizing the separation between paired code samples from different sources while preserving semantic similarity within the same class. Experiments are conducted on multi-language code datasets generated by state-of-the-art LLMs and collected from human repositories. Results demonstrate that contrastive representations improve classification performance compared to supervised baselines, particularly in cross-model and cross-language settings. The findings indicate that contrastive learning captures structural and stylistic differences that are not easily observable through surface-level features.As code generation systems based on large language models become widely adopted, reliable identification of machine-generated code is increasingly important. This study explores the use of contrastive learning to distinguish LLM-generated code from human-written code. The proposed framework constructs positive and negative code pairs based on source labels and trains an encoder to learn source-sensitive representations. Evaluation across multiple programming languages and LLM variants shows consistent improvements in detection accuracy and robustness. Analysis reveals that LLM-generated code exhibits higher structural regularity and lower stylistic diversity compared to human-written code. The study concludes that contrastive learning provides an effective mechanism for modeling latent differences between human and machine code generation processes."
Differentiate ChatGPT-generated and Human-written Medical Texts,"The increasing application of large language models in the medical domain raises concerns regarding the origin and reliability of generated clinical and biomedical text. This paper investigates methods for differentiating ChatGPT-generated medical texts from human-written content. The study analyzes lexical, syntactic, and semantic features extracted from medical documents, including clinical notes and health-related narratives. Multiple classification models are evaluated to measure separability between the two text sources. Experimental results show that ChatGPT-generated medical text exhibits higher structural uniformity and controlled terminology usage, while human-written text demonstrates greater variability and contextual deviation. The findings highlight persistent distinctions between machine-generated and human-authored medical texts and support the development of automated detection systems for medical content verification.Large language models such as ChatGPT are increasingly used to generate medical text, necessitating reliable mechanisms for source identification. This study examines the differences between ChatGPT-generated and human-written medical texts using statistical and model-based detection approaches. The evaluation focuses on domain-specific vocabulary distribution, sentence complexity, coherence patterns, and factual consistency. Results indicate that ChatGPT-generated texts tend to follow standardized medical phrasing and exhibit reduced stylistic diversity compared to human-authored documents. Despite high linguistic fluency, detectable disparities remain in discourse structure and contextual reasoning. The study concludes that automated methods can effectively distinguish between ChatGPT-generated and human-written medical texts, with implications for medical documentation integrity and clinical safety."
"How Close is ChatGPT to Human Experts? Comparison Corpus, Evaluation, and Detection","This paper examines the similarity between ChatGPT-generated content and human expert-written text through systematic comparison, evaluation, and detection. A curated comparison corpus is constructed consisting of expert-authored documents and ChatGPT-generated counterparts across multiple knowledge-intensive domains. The evaluation framework measures linguistic quality, domain accuracy, structural consistency, and reasoning patterns using automated metrics and expert annotations. Experimental results indicate that ChatGPT achieves high surface-level fluency and domain-aligned terminology but shows limitations in deep reasoning, contextual adaptation, and expert judgment. Detection experiments further reveal that, despite increasing similarity, distinguishable patterns remain between machine-generated and expert-written text. The study provides quantitative insights into the proximity of ChatGPT to human expertise and informs future research on reliable evaluation and detection methodologies.Large language models are increasingly applied to expert-level content generation, raising questions about their closeness to human expert performance. This study evaluates ChatGPT in comparison with human experts by constructing a parallel corpus and applying multi-dimensional assessment and detection techniques. The analysis focuses on semantic accuracy, discourse organization, and task-specific reasoning across specialized domains. Results show that ChatGPT closely matches expert writing in syntactic structure and general knowledge expression but diverges in nuanced decision-making and context-sensitive interpretation. Detection models demonstrate moderate to high accuracy in separating ChatGPT-generated text from expert-authored content. The findings highlight both the strengths and remaining gaps of ChatGPT relative to human experts, contributing to the understanding of expert-level language generation systems."
Can ChatGPT Assess Human Personalities? A General Evaluation Framework,"This paper investigates the capability of ChatGPT to assess human personality traits and proposes a general evaluation framework for systematic analysis. The study evaluates ChatGPT-generated personality assessments using standardized psychological models, including trait-based representations. The framework measures consistency, trait alignment, and response stability across controlled input scenarios. Experimental results indicate that ChatGPT can produce personality assessments that align with common trait descriptors but exhibit limitations in reliability, contextual grounding, and inter-trait coherence. The findings suggest that while ChatGPT can approximate personality assessment patterns, it lacks access to underlying psychological states. The proposed framework provides a structured approach for evaluating language models in personality-related tasks.Large language models are increasingly applied to psychological and behavioral analysis tasks, including personality assessment. This study examines whether ChatGPT can assess human personalities and introduces a general evaluation framework to measure its performance. The evaluation considers trait prediction accuracy, internal consistency, sensitivity to input variation, and bias patterns. Results show that ChatGPT generates statistically plausible personality profiles that reflect dominant linguistic cues but demonstrate instability across paraphrased or incomplete inputs. Detection analysis further indicates that assessments are driven by probabilistic language modeling rather than psychological inference. The study concludes that ChatGPT can simulate personality assessment behavior but does not perform genuine personality evaluation, highlighting implications for responsible use in psychological contexts."
Is LLM-Generated Code More Maintainable \& Reliable than Human-Written Code?,"This paper investigates the maintainability and reliability of code generated by large language models (LLMs) in comparison to human-written code. The study evaluates code samples across multiple programming languages using standardized software engineering metrics, including code complexity, modularity, documentation quality, and defect proneness. Automated analysis and controlled testing are applied to assess functional correctness and long-term maintainability indicators. Experimental results show that LLM-generated code demonstrates consistent structure and adherence to common coding conventions, while human-written code exhibits greater stylistic diversity and contextual adaptation. However, LLM-generated code presents limitations in robustness under edge cases and evolving requirements. The findings provide empirical insights into the strengths and constraints of LLM-generated code in software development.The increasing integration of large language models into software development workflows raises questions regarding the quality of machine-generated code. This study compares LLM-generated code with human-written implementations in terms of maintainability and reliability. The evaluation framework incorporates static code analysis, test coverage, fault injection, and maintainability indices. Results indicate that LLM-generated code often achieves higher baseline readability and structural uniformity but shows reduced adaptability to complex system contexts and error-handling scenarios. Human-written code demonstrates superior resilience in long-term maintenance tasks. The study concludes that LLM-generated code offers advantages in initial development phases but does not consistently surpass human-written code in maintainability and reliability."
Real or Fake Text?: Investigating Human Ability to Detect Boundaries Between Human-Written and Machine-Generated Text,"This paper investigates human capability to distinguish between human-written text and machine-generated text. A controlled experimental setup is designed in which participants evaluate mixed documents containing both human-authored and machine-generated segments. The analysis focuses on detection accuracy, response confidence, and boundary identification performance. Results show that human participants achieve limited accuracy in identifying transition points between human-written and machine-generated text, particularly when the generated text exhibits high fluency and topical consistency. Performance varies across domains and participant expertise levels. The findings indicate that surface-level linguistic similarity reduces human detection effectiveness, highlighting challenges in manual identification of machine-generated content.As machine-generated text increasingly resembles human writing, the ability of humans to detect its presence becomes uncertain. This study examines how effectively humans can identify boundaries between human-written and machine-generated text within the same document. Participants are asked to annotate boundary locations and classify text segments under controlled conditions. Evaluation metrics include precision, recall, and inter-annotator agreement. Experimental results reveal low consistency and moderate accuracy in boundary detection, with frequent misclassification of fluent machine-generated passages as human-written. The study concludes that human judgment alone is insufficient for reliable detection, emphasizing the need for automated tools and hybrid evaluation approaches."
Can LLM-Generated Misinformation Be Detected?,"The increasing capability of large language models (LLMs) to generate fluent and coherent text raises concerns about the spread of automated misinformation. This paper investigates whether misinformation generated by LLMs can be reliably detected using existing detection techniques. The study evaluates multiple detection models on datasets containing factual content, intentionally misleading text, and LLM-generated misinformation across different domains. Analysis focuses on linguistic patterns, factual inconsistency signals, and model confidence behaviors. Experimental results show that while detection models perform reasonably on explicit misinformation, their effectiveness decreases significantly when misinformation is subtly generated with high linguistic fluency. The findings indicate limitations in current detection approaches and highlight the need for misinformation-aware modeling strategies.Large language models have the potential to produce misinformation that is difficult to distinguish from factual content. This study examines the detectability of LLM-generated misinformation through systematic evaluation of automated detection methods. The proposed framework analyzes semantic consistency, factual verification cues, and stylistic features in generated texts. Results demonstrate that LLM-generated misinformation often avoids obvious falsehood markers and aligns closely with credible narrative structures, reducing detection accuracy. Additionally, cross-model evaluation reveals weak generalization of detectors to unseen generation models. The study concludes that detecting LLM-generated misinformation remains a challenging problem and requires integration of linguistic analysis with external knowledge verification mechanisms."
Beyond Binary: Towards Fine-Grained LLM-Generated Text Detection via Role Recognition and Involvement Measurement,"Current approaches to LLM-generated text detection predominantly focus on binary classification between human-written and machine-generated content. This paper proposes a fine-grained detection framework that extends beyond binary labels by incorporating role recognition and involvement measurement. The method models different generative roles, including primary authoring, assisted writing, and post-editing, and quantifies the degree of LLM involvement in text production. Experiments are conducted on a newly constructed dataset with varying levels of human–LLM collaboration. Results demonstrate that the proposed approach improves detection granularity and provides interpretable insights into generation roles. The findings suggest that fine-grained modeling better reflects real-world text production processes than binary detection methods.As large language models are increasingly integrated into writing workflows, binary LLM-generated text detection becomes insufficient. This study introduces a fine-grained detection approach based on role recognition and involvement measurement to characterize human–LLM collaborative writing. The framework identifies distinct contribution roles and estimates the proportion of machine-generated content within a text. Evaluation results show that the proposed method outperforms traditional binary classifiers in mixed-authorship scenarios and maintains robustness across domains. Analysis indicates that role-aware representations capture latent generation patterns overlooked by existing detectors. The study concludes that fine-grained detection enables more accurate and transparent assessment of LLM involvement in textual content."
Prompting a Large Language Model to Generate Diverse Motivational Messages: A Comparison with Human-Written Messages,"This paper investigates the ability of a large language model to generate diverse motivational messages through prompt-based control and compares the outputs with human-written messages. The study evaluates diversity, semantic variation, emotional tone, and linguistic structure across multiple prompt configurations. Human-authored motivational messages are used as a reference corpus. Quantitative metrics and qualitative analysis are applied to assess variation and repetitiveness. Results indicate that prompt engineering increases lexical and thematic diversity in model-generated messages, but structural patterns remain consistent across outputs. Compared to human-written messages, LLM-generated content shows reduced contextual specificity and limited personalization. The findings highlight both the effectiveness and constraints of prompt-based approaches for motivational message generation.Large language models are increasingly used to generate motivational content in health, education, and productivity applications. This study compares LLM-generated motivational messages, produced via controlled prompting strategies, with human-written messages. The evaluation framework measures diversity using lexical dispersion, semantic distance, and stylistic variation metrics. Experimental results show that LLMs can generate a wide range of motivational expressions under varied prompts, achieving diversity levels comparable to human-written messages at the surface level. However, deeper analysis reveals lower variability in narrative perspective and motivational strategy. The study concludes that while prompting enhances diversity, LLM-generated motivational messages remain constrained by learned linguistic templates."
Is ChatGPT A Good Translator? Yes With GPT-4 As The Engine,"This paper evaluates the translation quality of ChatGPT when powered by GPT-4 across multiple language pairs and domains. The study compares GPT-4–based translations with professional human translations and established neural machine translation systems. Evaluation metrics include automatic scores such as BLEU, METEOR, and COMET, as well as targeted human assessment of adequacy and fluency. Experimental results show that ChatGPT with GPT-4 achieves competitive performance, particularly in high-resource language pairs and general-domain text. However, limitations are observed in handling low-resource languages, domain-specific terminology, and culturally sensitive expressions. The findings indicate that GPT-4–based ChatGPT functions as a strong general-purpose translation system under appropriate conditions.Large language models have recently demonstrated strong multilingual capabilities, prompting evaluation of their effectiveness in machine translation tasks. This study investigates whether ChatGPT, using GPT-4 as its underlying engine, can serve as a reliable translator. A multilingual benchmark is constructed to compare GPT-4–based translations with human-written references and conventional neural machine translation outputs. Results show that ChatGPT achieves high fluency and semantic adequacy, often matching or surpassing baseline systems in general-domain settings. Nevertheless, performance variability is observed in technical domains and idiomatic expressions. The study concludes that while ChatGPT with GPT-4 is a capable translation system, targeted adaptation remains necessary for specialized translation scenarios."
"AI, write an essay for me: A large-scale comparison of human-written versus ChatGPT-generated essays","This paper presents a large-scale comparative analysis of essays written by humans and essays generated by ChatGPT. A benchmark dataset is constructed comprising human-authored essays and model-generated counterparts produced under controlled prompts. The evaluation examines linguistic quality, coherence, argument structure, topical relevance, and stylistic diversity using both automated metrics and human assessment. Experimental results indicate that ChatGPT-generated essays demonstrate high grammatical correctness and organizational consistency, while human-written essays exhibit greater variability in argumentation and narrative development. Despite surface-level similarity, detectable differences remain in originality, reasoning depth, and rhetorical strategy. The findings provide empirical evidence on the comparative characteristics of human and AI-generated essay writing.The increasing use of large language models for essay generation raises questions about their similarity to human writing at scale. This study conducts a large-scale comparison between human-written essays and essays generated by ChatGPT across multiple topics and proficiency levels. The analysis focuses on lexical diversity, discourse coherence, argumentative complexity, and repetitiveness. Results show that ChatGPT-generated essays align closely with standard essay structures and exhibit consistent fluency, but demonstrate limited deviation from common patterns and reduced use of personalized reasoning. Detection experiments further reveal that automated systems can still differentiate between the two sources. The study contributes to understanding the capabilities and limitations of AI-generated essays in educational and evaluative contexts."
"One Small Step for Generative AI, One Giant Leap for AGI: A Complete Survey on ChatGPT in AIGC Era","This paper presents a comprehensive survey of ChatGPT within the context of the Artificial Intelligence Generated Content (AIGC) era, examining its role as a representative large language model. The survey systematically reviews ChatGPT’s architecture, training paradigm, capability spectrum, and application domains, including text generation, reasoning, coding, education, and creative tasks. Additionally, the study analyzes evaluation methodologies, safety considerations, bias, and ethical implications. Comparative analysis with prior generative models highlights incremental advances toward more general intelligence behaviors. The survey also discusses open challenges related to scalability, controllability, and alignment. The findings position ChatGPT as a significant milestone in generative AI development while clarifying its limitations in achieving artificial general intelligence.The rapid adoption of ChatGPT marks a critical transition in the AIGC era, prompting renewed discussion on its implications for artificial general intelligence. This survey provides a structured and comprehensive overview of ChatGPT, covering model design, training strategies, performance across tasks, and real-world deployment scenarios. The paper categorizes existing research on evaluation benchmarks, robustness, interpretability, and societal impact. Furthermore, it summarizes emerging trends in human–AI collaboration and multi-modal extension. Analysis indicates that ChatGPT represents a substantial advancement in generative capability but remains constrained by data dependence and probabilistic reasoning. The survey identifies key research directions required to bridge the gap between current generative AI systems and AGI."
Does Human Collaboration Enhance the Accuracy of Identifying LLM-Generated Deepfake Texts?,"This paper investigates whether human collaboration improves the accuracy of identifying deepfake texts generated by large language models. The study compares individual and collaborative human judgments in detecting LLM-generated content across multiple text domains. Detection performance is evaluated using accuracy, precision, recall, and inter-annotator agreement. Experimental results show that collaborative decision-making leads to measurable improvements in detection accuracy compared to individual judgments, particularly in ambiguous cases. However, variability across groups remains significant. The findings suggest that while human collaboration enhances detection performance, it does not fully overcome the challenges posed by high-quality LLM-generated deepfake texts.As LLM-generated deepfake texts become increasingly realistic, reliable detection methods are required. This study examines the impact of human collaboration on the identification of LLM-generated deepfake text. A controlled user study is conducted in which participants perform detection tasks individually and in groups. The analysis focuses on collective accuracy, confidence calibration, and error patterns. Results indicate that collaborative assessment reduces false-negative rates and improves consistency relative to individual evaluation. Nonetheless, performance remains constrained by the linguistic fluency of generated text. The study concludes that human collaboration provides incremental benefits for deepfake text detection but should be integrated with automated systems for practical deployment."
Mathematical Capabilities of ChatGPT,"This paper evaluates the mathematical capabilities of ChatGPT across a range of problem types, including arithmetic, algebra, calculus, probability, and mathematical reasoning tasks. The study benchmarks ChatGPT against standardized math datasets and human reference solutions using accuracy and step-consistency metrics. Results indicate that ChatGPT performs reliably on routine and well-structured problems but exhibits performance degradation on multi-step reasoning, symbolic manipulation, and proof-oriented tasks. Error analysis reveals sensitivity to problem formulation and intermediate reasoning consistency. The findings provide a systematic assessment of ChatGPT’s strengths and limitations in mathematical problem solving.Large language models have demonstrated emerging abilities in mathematical reasoning, prompting evaluation of their effectiveness in formal mathematics. This study analyzes ChatGPT’s performance on diverse mathematical tasks, ranging from basic computation to advanced reasoning. The evaluation framework considers correctness, logical coherence, and solution stability under paraphrased inputs. Experimental results show that ChatGPT achieves high fluency in explaining mathematical procedures but produces inconsistent or incorrect outputs in complex reasoning scenarios. The study concludes that ChatGPT exhibits partial mathematical competence driven by pattern learning rather than formal mathematical understanding."
Leveraging Explainable AI for LLM Text Attribution: Differentiating Human-Written and Multiple LLMs-Generated Text,"This paper investigates the use of explainable artificial intelligence (XAI) techniques for attributing text to human authors or multiple large language models. The proposed framework integrates text attribution models with explainability methods to identify discriminative linguistic features associated with different generation sources. Experiments are conducted on a multi-source corpus containing human-written text and text generated by several LLMs. Results demonstrate that XAI-enhanced attribution models achieve improved classification accuracy while providing interpretable explanations of model decisions. Analysis reveals distinct lexical, syntactic, and stylistic patterns across different LLMs and human authors. The findings highlight the value of explainability in enhancing transparency and trust in text attribution systems.Attributing text to its generation source becomes increasingly challenging as multiple large language models produce highly fluent outputs. This study explores an explainable AI–driven approach for distinguishing human-written text from content generated by different LLMs. The framework combines multi-class attribution models with post-hoc explanation techniques to uncover source-specific linguistic cues. Evaluation results show that explainability improves model robustness and supports error analysis across unseen generation sources. The study concludes that XAI-based attribution enables fine-grained differentiation among human and LLM-generated texts while offering interpretable insights into attribution decisions."
Is ChatGPT better than Human Annotators? Potential and Limitations of ChatGPT in Explaining Implicit Hate Speech,"This paper evaluates the effectiveness of ChatGPT in explaining instances of implicit hate speech compared to human annotators. The study analyzes explanation quality, consistency, and coverage across a benchmark dataset containing implicit hate expressions. ChatGPT-generated explanations are evaluated against human annotations using agreement metrics and expert assessment. Results indicate that ChatGPT produces linguistically coherent and standardized explanations but demonstrates limitations in contextual sensitivity and socio-cultural nuance. While ChatGPT achieves competitive performance in explanation consistency, it fails to capture subtle intent and implicit meaning in complex cases. The findings highlight both the potential and constraints of using large language models for implicit hate speech explanation tasks.Understanding and explaining implicit hate speech requires nuanced interpretation beyond explicit lexical cues. This study investigates whether ChatGPT can outperform human annotators in generating explanations for implicit hate speech. A comparative evaluation framework is employed to assess accuracy, interpretability, and bias in ChatGPT-generated and human-written explanations. Experimental results show that ChatGPT offers scalable and uniform explanations but exhibits reduced sensitivity to contextual and cultural factors that influence implicit meaning. Human annotators demonstrate superior performance in ambiguous cases. The study concludes that ChatGPT can support but not replace human annotators in explaining implicit hate speech, emphasizing the importance of human oversight."
Artificial Intelligence versus Maya Angelou: Experimental evidence that people cannot differentiate AI-generated from human-written poetry,"This paper presents an experimental study evaluating human ability to distinguish between AI-generated poetry and human-written poetry. A controlled dataset is constructed containing poems generated by an artificial intelligence system and poems authored by a well-known human poet. Human participants are tasked with classifying poems by authorship under blinded conditions. Evaluation metrics include classification accuracy, response confidence, and inter-annotator agreement. Results indicate that participant performance does not significantly exceed chance level, suggesting limited human ability to differentiate AI-generated poetry from human-written poetry. The findings highlight the increasing stylistic similarity between AI-generated creative text and human literary output.Advances in generative artificial intelligence have enabled the production of poetic text that closely resembles human-authored literature. This study experimentally examines whether readers can reliably distinguish AI-generated poetry from human-written poetry. Participants evaluate poems across multiple stylistic and thematic dimensions without access to source information. Experimental results demonstrate low detection accuracy and high disagreement among participants, particularly for high-quality AI-generated poems. Analysis suggests that linguistic fluency and stylistic imitation reduce human discriminative capability. The study concludes that AI-generated poetry can be perceptually indistinguishable from human-written poetry under controlled evaluation settings."
Role-Playing Simulation Games using ChatGPT,"This paper explores the application of ChatGPT as a core engine for role-playing simulation games. The study analyzes ChatGPT’s ability to generate interactive narratives, non-player character dialogue, and dynamic game states under predefined role and rule constraints. Evaluation focuses on coherence, consistency, and responsiveness across extended gameplay sessions. Experimental results indicate that ChatGPT can support flexible narrative progression and context-aware role adaptation but exhibits limitations in long-term state tracking and rule enforcement. The findings demonstrate the feasibility of integrating large language models into role-playing simulations while identifying challenges for stable and controllable game design.Large language models offer new possibilities for interactive storytelling and simulation-based games. This study investigates the use of ChatGPT in role-playing simulation games, emphasizing its performance in role adherence, narrative generation, and player interaction. A prototype game framework is implemented to evaluate dialogue quality, branching diversity, and player engagement. Results show that ChatGPT produces fluent and immersive role-based interactions but demonstrates variability in maintaining character consistency and game mechanics over time. The study concludes that ChatGPT is suitable as a narrative generation component in role-playing simulations, with additional system-level constraints required for reliable gameplay."
ChatGPT Outperforms Crowd-Workers for Text-Annotation Tasks,"This paper evaluates the performance of ChatGPT on text-annotation tasks in comparison to crowd-workers. The study examines multiple annotation scenarios, including sentiment classification, topic labeling, and toxicity detection. Performance is measured using accuracy, consistency, and inter-annotator agreement metrics. Experimental results show that ChatGPT achieves comparable or higher annotation accuracy and significantly greater consistency than crowd-workers across tasks. However, limitations are observed in handling ambiguous cases and domain-specific content. The findings suggest that ChatGPT can serve as an effective alternative or complement to human crowd-workers for scalable text annotation under controlled conditions.Text annotation is a critical component of natural language processing workflows, traditionally performed by crowd-workers. This study investigates whether ChatGPT can outperform human crowd-workers in text-annotation tasks. A controlled evaluation compares annotation quality, speed, and cost efficiency across multiple datasets. Results indicate that ChatGPT produces highly consistent annotations and outperforms crowd-workers on standardized tasks with clear guidelines. Nevertheless, performance gaps remain in tasks requiring nuanced judgment or contextual understanding. The study concludes that ChatGPT offers strong potential for automated annotation, with human oversight remaining necessary for complex or subjective annotation tasks.
"
"Distinguishing ChatGPT(-3.5, -4)-generated and human-written papers through Japanese stylometric analysis","This paper investigates the feasibility of distinguishing ChatGPT-generated papers from human-written papers using stylometric analysis in the Japanese language. The study analyzes textual features specific to Japanese writing, including character n-grams, morpheme distributions, syntactic patterns, and punctuation usage. Papers generated by ChatGPT-3.5 and ChatGPT-4 are compared with human-authored academic texts using supervised classification models. Experimental results show that stylometric features enable effective separation between machine-generated and human-written papers, with observable differences across model versions. The findings indicate that language-specific stylometric analysis provides a viable approach for detecting LLM-generated text in non-English academic writing.As large language models increasingly generate academic text in multiple languages, reliable detection methods are required beyond English-centric approaches. This study explores Japanese stylometric analysis for differentiating papers generated by ChatGPT-3.5 and ChatGPT-4 from human-written papers. The evaluation focuses on morphological variation, sentence structure, and stylistic regularity unique to Japanese text. Results demonstrate that ChatGPT-generated papers exhibit higher structural consistency and distinct morpheme usage patterns compared to human-written documents. Additionally, differences between ChatGPT-3.5 and ChatGPT-4 outputs are identified. The study concludes that stylometric techniques tailored to Japanese are effective for fine-grained authorship attribution of LLM-generated academic text."
Detecting LLM-Generated Text in Computing Education: A Comparative Study for ChatGPT Cases,"This paper investigates the detection of LLM-generated text in computing education contexts, with a specific focus on ChatGPT-generated content. The study evaluates multiple text detection approaches on student-related artifacts, including programming explanations, assignment reports, and reflective responses. Detection performance is compared across statistical, feature-based, and neural detection models. Experimental results indicate that detection accuracy varies significantly by task type and text length, with lower performance observed in explanatory and reflective writing. The findings highlight challenges in applying generic detection models to educational settings and emphasize the need for domain-aware detection strategies.The integration of large language models such as ChatGPT into computing education raises concerns regarding academic integrity and assessment validity. This study conducts a comparative evaluation of LLM-generated text detection methods in computing education scenarios. Using a curated dataset of human-written and ChatGPT-generated student submissions, the analysis examines detector robustness, false-positive rates, and generalization ability. Results show that existing detectors perform inconsistently across assignment types and levels of technical complexity. The study concludes that reliable detection in computing education requires contextual modeling and pedagogically informed evaluation frameworks."
"ChatGPT Evaluation on Sentence Level Relations: A Focus on Temporal, Causal, and Discourse Relations","This paper evaluates the capability of ChatGPT to model sentence-level relations, with a specific focus on temporal, causal, and discourse relations. The study assesses ChatGPT’s performance on benchmark datasets designed to test relational understanding between sentence pairs and short passages. Evaluation metrics include classification accuracy, relation consistency, and robustness to paraphrased inputs. Experimental results show that ChatGPT performs well on explicit and surface-level relational cues but exhibits reduced accuracy when relations are implicit or require multi-step reasoning. Errors are particularly frequent in distinguishing fine-grained temporal ordering and indirect causal dependencies. The findings provide a systematic analysis of ChatGPT’s strengths and limitations in sentence-level relational understanding.Understanding sentence-level relations is essential for coherent language comprehension and generation. This study investigates ChatGPT’s ability to identify and reason over temporal, causal, and discourse relations between sentences. A structured evaluation framework is applied across multiple relation-specific tasks, including temporal sequencing, causality detection, and discourse relation classification. Results indicate that ChatGPT generates linguistically coherent explanations but demonstrates instability in relation prediction under minor contextual variations. Performance disparities are observed across relation types, with discourse relations showing the highest ambiguity. The study concludes that ChatGPT captures statistical patterns of sentence relations but lacks robust relational reasoning in complex or implicit scenarios."
Soft Prompt Threats: Attacking Safety Alignment and Unlearning in Open-Source LLMs through the Embedding Space,"This paper investigates a class of security vulnerabilities in open-source large language models arising from soft prompt manipulation in the embedding space. The study analyzes how learned or optimized soft prompts can be used to bypass safety alignment mechanisms and undermine unlearning objectives without modifying model parameters. Through controlled experiments, we demonstrate that embedding-level perturbations can recover restricted behaviors and reintroduce previously unlearned content. Results indicate that safety and unlearning methods relying solely on output-level constraints are insufficient against embedding-space attacks. The findings highlight the need for robust alignment strategies that account for internal representation-level threats in open-source LLMs.Safety alignment and unlearning are critical components of responsible deployment of open-source large language models. This study explores soft prompt–based attacks that operate directly in the embedding space to compromise these mechanisms. The proposed threat model evaluates the effectiveness of adversarial soft prompts in eliciting restricted or forgotten behaviors across multiple open-source LLMs. Experimental results show that soft prompts can systematically weaken alignment safeguards while remaining difficult to detect using conventional monitoring techniques. Analysis reveals that vulnerabilities stem from transferable representations learned during pretraining. The study concludes that embedding-space attacks pose a significant challenge to current safety and unlearning frameworks, motivating the development of representation-aware defenses."
Evaluation of the Code Generation Capabilities of ChatGPT 4: A Comparative Analysis in 19 Programming Languages,"This study presents a systematic evaluation of the code generation capabilities of ChatGPT-4 through a comparative analysis across 19 programming languages. The evaluation focuses on assessing syntactic correctness, logical accuracy, execution success, and adherence to language-specific best practices. A standardized set of programming tasks, covering algorithmic problems, data structure implementation, and basic software engineering scenarios, was designed and applied uniformly across all languages. The generated code outputs were analyzed using automated compilation, execution testing, and manual verification for logical consistency. Quantitative metrics such as success rate, error frequency, and correction efficiency were used for performance comparison. The results indicate notable variations in code quality across languages, with higher performance observed in widely used languages and comparatively lower consistency in less common or low-level languages. The findings highlight both the strengths and limitations of ChatGPT-4 in multilingual code generation and provide insights into its applicability for cross-language software development and automated programming assistance.   This paper evaluates the effectiveness of ChatGPT-4 in generating source code across 19 distinct programming languages using a controlled experimental framework. The evaluation is conducted by assigning identical programming tasks to each language and analyzing the generated outputs based on correctness, completeness, and execution feasibility. The study employs a metric-driven approach, including compilation success, runtime behavior, and logical validity, to ensure objective comparison. Performance differences among languages are examined to identify patterns related to language popularity, abstraction level, and ecosystem maturity. The analysis demonstrates that ChatGPT-4 exhibits strong code generation performance in high-level and commonly used programming languages, while increased error rates are observed in languages with stricter syntax rules or lower representation in training data. The results contribute to a clearer understanding of large language models’ capabilities in multilingual programming contexts and support future research in automated code generation evaluation."
GPT-Sentinel: Distinguishing Human and ChatGPT Generated Content,"This paper introduces GPT-Sentinel, a framework designed to distinguish between human-authored and ChatGPT-generated textual content. The system employs a combination of linguistic feature analysis, statistical patterns, and machine learning classifiers to identify subtle differences in writing style, token distribution, and syntactic structure. A benchmark dataset comprising diverse text samples from multiple domains was constructed to evaluate the model. Performance metrics including accuracy, precision, recall, and F1-score were computed to quantify detection capability. Experimental results demonstrate that GPT-Sentinel achieves significant discriminative power, with higher accuracy on structured and technical content, and lower performance on highly informal or creative texts. The findings provide insights into the feasibility and limitations of automated detection of AI-generated text and contribute to the development of robust content authentication systems.GPT-Sentinel is proposed as a detection mechanism for differentiating human-written content from ChatGPT-generated text. The framework leverages statistical linguistic features, contextual embeddings, and supervised learning techniques to capture distinctive patterns indicative of AI authorship. Evaluation is conducted on a curated dataset spanning multiple genres and writing styles, with performance assessed using standard classification metrics. Results indicate that GPT-Sentinel reliably identifies AI-generated content with notable accuracy, although performance varies with text length and complexity. The study highlights challenges in automated detection due to stylistic overlap and evolving language model capabilities, emphasizing the need for continuous adaptation of detection systems. These insights are relevant for applications in academic integrity, content moderation, and AI accountability."
Fighting Fire with Fire: Can ChatGPT Detect AI-generated Text?,"This study investigates the potential of ChatGPT as a tool for detecting AI-generated textual content. Using a curated dataset consisting of human-written and AI-generated text samples across multiple domains, the model’s ability to classify content was evaluated. Performance metrics including accuracy, precision, recall, and F1-score were computed to quantify detection effectiveness. The analysis reveals that ChatGPT can identify AI-generated content with moderate success, performing better on structured and technical text while exhibiting limitations on informal, creative, or short text samples. The findings provide evidence that large language models can serve as both content generators and detection mechanisms, highlighting the dual-use nature of AI in textual content analysis.This paper explores the feasibility of using ChatGPT to detect AI-generated text through a systematic evaluation framework. Text samples from diverse genres were presented to ChatGPT, and its classifications were compared against ground-truth labels. Metrics such as detection accuracy, false positive rate, and confidence scores were analyzed to assess performance. Results indicate that while ChatGPT demonstrates the ability to distinguish AI-generated content in many cases, its effectiveness is influenced by text length, style, and domain. The study emphasizes both the opportunities and constraints of leveraging generative models for content verification and suggests directions for improving AI-based detection methodologies."
ChatGPT Informed Graph Neural Network for Stock Movement Prediction,"This paper proposes a ChatGPT-informed Graph Neural Network (GNN) framework for stock movement prediction. The approach integrates textual insights extracted from financial news and reports using ChatGPT with market structural information represented as a graph of interrelated stocks. Node features are derived from both historical price data and natural language embeddings, while edges encode correlations and sector relationships. The GNN model is trained to predict short-term stock movement direction using supervised learning. Performance is evaluated on multiple stock indices with metrics including accuracy, precision, recall, and F1-score. Experimental results demonstrate that incorporating ChatGPT-derived textual information enhances predictive performance compared to baseline GNN models, indicating the potential of combining language models with graph-based market modeling for financial forecasting.    This study presents a novel methodology for stock movement prediction by integrating ChatGPT-generated textual embeddings with Graph Neural Networks. The framework constructs a stock correlation graph where each node represents a stock enriched with features from historical trading data and ChatGPT-processed financial text. Edge weights reflect inter-stock relationships derived from market co-movements and sector affiliation. The GNN is trained to classify stock price direction in short-term horizons, with evaluation based on standard financial prediction metrics. Results indicate that the inclusion of ChatGPT-informed textual features improves model robustness and predictive accuracy, particularly in volatile market periods. The findings suggest that leveraging large language models alongside graph-based structures can provide enhanced insights for automated financial analysis."
Discriminating Human-authored from ChatGPT-Generated Code Via Discernable Feature Analysis,"This paper presents a systematic approach to distinguishing human-authored code from ChatGPT-generated code through discernable feature analysis. The study identifies syntactic patterns, structural characteristics, and code style indicators that differentiate AI-generated outputs from human-written programs. A dataset spanning multiple programming languages and paradigms was curated to evaluate the proposed methodology. Metrics such as detection accuracy, precision, recall, and F1-score were employed to quantify classification performance. Experimental results demonstrate that certain features, including consistent formatting, comment usage, and function complexity, exhibit strong discriminative power. The findings provide insights into automated code authorship verification and highlight the potential of feature-based analysis for AI-generated code detection across diverse programming environments.   This study investigates the feasibility of detecting ChatGPT-generated code using discernable feature analysis. By extracting structural, syntactic, and stylistic attributes from code samples, a classifier is trained to differentiate between human-written and AI-generated code. The evaluation dataset comprises programs in multiple languages and varying complexity levels. Performance is assessed using standard classification metrics, including accuracy, precision, recall, and F1-score. Results indicate that AI-generated code exhibits identifiable patterns in naming conventions, indentation consistency, and logical modularity, which can be leveraged for reliable detection. The research provides a framework for automated code authenticity verification and contributes to understanding the distinguishing characteristics of generative AI in software development contexts."
Is this Snippet Written by ChatGPT? An Empirical Study with a CodeBERT-Based Classifier,"This paper presents an empirical study on detecting ChatGPT-generated code snippets using a CodeBERT-based classifier. A dataset comprising human-written and AI-generated code across multiple programming languages was constructed to evaluate detection performance. The approach leverages pre-trained CodeBERT embeddings to capture syntactic and semantic features, followed by supervised classification to differentiate between human and ChatGPT-authored code. Evaluation metrics including accuracy, precision, recall, and F1-score were computed to quantify effectiveness. Experimental results demonstrate that the CodeBERT-based classifier achieves high discriminative capability, particularly for structured and moderately complex code snippets. The findings highlight the utility of language-model-based embeddings for automated code authorship verification and provide insights into the limitations and strengths of current AI code detection methodologies.   This study investigates the capability of a CodeBERT-based classifier to identify code snippets generated by ChatGPT. The framework extracts contextual embeddings from code samples and applies supervised learning for binary classification. A benchmark dataset encompassing diverse programming languages and code complexities was used for evaluation. Metrics including detection accuracy, precision, recall, and F1-score were analyzed to assess classifier performance. Results indicate that CodeBERT effectively captures distinctive patterns of AI-generated code, achieving reliable detection across multiple languages, while performance varies with snippet length and structural complexity. The research provides evidence for the feasibility of embedding-based detection mechanisms in distinguishing human-authored and AI-generated code, informing future work in automated code authenticity verification."
On Fusing ChatGPT and Ensemble Learning in Discon-tinuous Named Entity Recognition in Health Corpora,"This paper investigates a hybrid framework that fuses ChatGPT with ensemble learning techniques for discontinuous named entity recognition (DNER) in health-related corpora. The proposed approach leverages ChatGPT to generate contextual representations and candidate entity spans, which are subsequently refined using an ensemble of sequence labeling models. The framework is evaluated on benchmark healthcare datasets containing discontinuous entity annotations. Performance is measured using standard NER metrics, including precision, recall, and F1-score. Experimental results demonstrate that the integration of ChatGPT-derived contextual information with ensemble learning improves recognition accuracy compared to standalone models, particularly for complex and fragmented entity structures. The findings highlight the effectiveness of combining large language models with traditional ensemble strategies for advanced information extraction tasks in the healthcare domain.    This study presents a fusion-based methodology that integrates ChatGPT with ensemble learning for addressing discontinuous named entity recognition in health corpora. ChatGPT is employed to enhance contextual understanding of clinical text, while multiple base learners collaboratively perform entity classification and boundary detection. The ensemble framework aggregates predictions to improve robustness against annotation sparsity and entity fragmentation. Evaluation is conducted on healthcare NER datasets using standard performance metrics. Results indicate that the proposed fusion approach outperforms baseline models in detecting discontinuous entities, demonstrating improved generalization and stability. The research contributes to the development of hybrid AI systems for complex named entity recognition tasks in medical text processing."
A Prescriptive Learning Analytics Framework: Beyond Predictive Modelling and onto Explainable AI with Prescriptive Analytics and ChatGPT,"This paper proposes a prescriptive learning analytics framework that extends traditional predictive modelling by integrating explainable artificial intelligence and prescriptive analytics supported by ChatGPT. The framework combines student interaction data, predictive performance models, and explainability mechanisms to generate actionable recommendations for learning interventions. ChatGPT is utilized to translate model outputs and explanations into structured, human-readable prescriptions for instructors and learners. The proposed approach is evaluated using educational datasets, with performance assessed in terms of prediction accuracy, explanation fidelity, and prescription relevance. Experimental results indicate that the integration of explainable and prescriptive components improves decision support beyond predictive analytics alone. The framework demonstrates the potential of large language models to operationalize explainable AI outputs into practical educational actions.     This study introduces a learning analytics framework that moves beyond prediction-centric approaches by incorporating explainable AI and prescriptive analytics enhanced with ChatGPT. Predictive models are first employed to identify learning outcomes and risk patterns, followed by explainability techniques to interpret model decisions. ChatGPT is then applied to generate prescriptive insights by mapping explanations to targeted intervention strategies. The framework is evaluated on real-world educational datasets using quantitative and qualitative measures, including model performance, interpretability, and recommendation effectiveness. Results show that the proposed system provides more actionable and transparent analytics compared to conventional predictive learning analytics. The findings support the role of generative language models in enabling explainable and prescriptive decision-making in educational data mining."
CHEAT: A Large-scale Dataset for Detecting ChatGPT-writtEn AbsTracts,"This paper introduces CHEAT, a large-scale dataset designed for detecting ChatGPT-written academic abstracts. The dataset consists of human-authored and ChatGPT-generated abstracts collected across multiple research domains and publication venues. Each sample is annotated with authorship labels and standardized metadata to support supervised learning and benchmarking tasks. Baseline experiments are conducted using classical machine learning models and transformer-based classifiers to evaluate the effectiveness of the dataset for AI-generated text detection. Performance is measured using accuracy, precision, recall, and F1-score. Experimental results demonstrate that CHEAT enables reliable evaluation of detection models and highlights distinct linguistic patterns between human-written and ChatGPT-generated abstracts. The dataset is intended to facilitate reproducible research in AI-generated text detection and academic integrity analysis.  CHEAT is presented as a large-scale benchmark dataset for identifying ChatGPT-generated academic abstracts. The dataset includes a balanced collection of human-written and AI-generated abstracts spanning diverse scientific disciplines. Standardized preprocessing and annotation procedures are applied to ensure consistency and reproducibility. To validate the dataset, multiple baseline detection models are evaluated, including statistical feature-based classifiers and transformer-based approaches. Results indicate that models trained on CHEAT achieve robust detection performance, while revealing domain-dependent variations in classification difficulty. The dataset provides a foundation for future research on AI-generated academic content detection, authorship attribution, and large language model evaluation."
ChatGPT and Human Synergy in Black-Box Testing: A Comparative Analysis,"This paper investigates the synergy between ChatGPT and human testers in black-box software testing through a comparative analysis framework. The study evaluates test case generation, defect detection capability, and coverage effectiveness across three testing settings: human-only testing, ChatGPT-assisted testing, and collaborative human–ChatGPT testing. A set of software systems with varying complexity levels is used for experimentation. Performance is measured using metrics such as defect detection rate, test coverage, and test generation efficiency. Experimental results indicate that the collaborative approach outperforms individual testing strategies, achieving higher defect detection and broader coverage. The findings suggest that integrating large language models with human expertise can enhance black-box testing effectiveness while maintaining practical applicability in software quality assurance.   This study presents a comparative evaluation of black-box testing approaches involving human testers and ChatGPT. ChatGPT is employed to assist in test scenario generation and input diversification, while human testers contribute domain knowledge and exploratory testing strategies. The effectiveness of each approach is assessed using quantitative testing metrics across multiple software artifacts. Results demonstrate that ChatGPT-assisted and human–ChatGPT collaborative testing achieve improved efficiency and fault detection compared to human-only testing. However, limitations related to contextual understanding and domain specificity are observed. The research highlights the complementary strengths of humans and large language models in black-box testing and provides insights into hybrid testing methodologies for modern software systems."
LLM-as-a-Coauthor: Can Mixed Human-Written and Machine-Generated Text Be Detected?,"This paper investigates the detectability of documents co-authored by humans and large language models (LLMs). The study examines mixed-authorship texts containing varying proportions of human-written and machine-generated content. Linguistic, stylometric, and statistical features are extracted to evaluate whether mixed texts can be distinguished from purely human-authored documents. Experimental results show that detection accuracy decreases as human and machine-generated segments become more interwoven, though identifiable stylistic inconsistencies remain detectable. The findings provide insights into the challenges of authorship attribution in hybrid human–AI writing scenarios.The growing use of large language models as writing assistants raises questions about the detectability of mixed human-written and AI-generated texts. This study evaluates whether documents produced through human–LLM collaboration can be reliably identified. Using a controlled experimental setup, mixed-authorship texts are analyzed across different ratios of machine-generated content. The results indicate that while fully AI-generated texts are more easily detected, hybrid documents present significantly greater detection challenges. This research contributes to understanding the limitations of current detection methods in the era of LLM-assisted co-authorship."
Consistent Explainers or Unreliable Narrators? Understanding LLM-generated Group Recommendations,"This paper investigates the reliability and consistency of explanations generated by large language models (LLMs) in the context of group recommendation tasks. The study evaluates how LLMs generate recommendations and accompanying explanations for groups with diverse preferences. Experimental analyses assess explanation consistency, alignment with group member interests, and sensitivity to input variations. The results reveal that while LLMs can produce coherent and persuasive explanations, their recommendations and rationales may vary across similar scenarios, raising concerns about reliability. The findings highlight key challenges in using LLM-generated explanations for group recommendation systems.Large language models are increasingly applied to recommendation scenarios that involve multiple users and shared decision-making. This study examines whether LLM-generated group recommendations function as consistent explainers or unreliable narrators. By analyzing recommendation outputs and explanation structures under controlled conditions, the research evaluates stability, fairness, and preference coverage. The results indicate that LLMs provide fluent explanations but may inconsistently represent individual and collective preferences. This work contributes to understanding the strengths and limitations of LLMs in explainable group recommendation contexts and informs the design of more dependable recommendation systems."
"Human-Written vs. AI-Generated Code: A Large-Scale Study of Defects, Vulnerabilities, and Complexity","This paper presents a large-scale empirical study comparing human-written code and AI-generated code with respect to software defects, security vulnerabilities, and code complexity. A diverse corpus of code samples is analyzed using static analysis tools and established software metrics. The evaluation focuses on defect density, vulnerability patterns, and structural complexity across multiple programming languages and task types. The results indicate that AI-generated code exhibits comparable syntactic correctness but differs in vulnerability distribution and complexity characteristics. The findings provide quantitative insights into the strengths and limitations of AI-generated code and inform best practices for its adoption in software development.The increasing use of AI-assisted programming tools raises critical questions about the quality and security of generated code. This study conducts a large-scale comparison between human-authored and AI-generated code, examining defects, security vulnerabilities, and complexity metrics. By analyzing thousands of code samples, the study identifies systematic differences in error patterns and structural properties. The results show that while AI-generated code can reduce boilerplate complexity, it may introduce distinct vulnerability profiles. This research contributes empirical evidence to support informed decision-making regarding the integration of AI-generated code into real-world software engineering workflows."
The Imitation Game: Detecting Human and AI-Generated Texts in the Era of ChatGPT and BARD,"This paper investigates the detection of human-written and AI-generated texts in the context of advanced large language models, specifically ChatGPT and BARD. A comparative experimental framework is employed to analyze linguistic, statistical, and stylometric features extracted from both text categories. Multiple classification models are evaluated to assess detection performance across varying text lengths and domains. The results indicate that although ChatGPT- and BARD-generated texts closely resemble human writing, they retain identifiable patterns that enable reliable detection. The findings contribute to understanding the limits of AI text imitation and support the development of effective detection mechanisms in the era of generative language models.The increasing realism of AI-generated text presents significant challenges for authorship identification and misinformation control. This study examines methods for distinguishing human-authored text from content generated by ChatGPT and BARD. Using a feature-based detection approach, the analysis evaluates linguistic and distributional differences across multiple datasets. Experimental results demonstrate that despite advances in text generation quality, AI-generated content exhibits detectable regularities. This research provides empirical insights into automated text detection and informs future strategies for managing AI-generated content in digital ecosystems."
Building Instruction-Tuning Datasets from Human-Written Instructions with Open-Weight Large Language Models,"This paper presents a methodology for constructing instruction-tuning datasets by leveraging human-written instructions and open-weight large language models. The proposed approach uses open-weight models to expand, normalize, and structure human-authored instructions into high-quality instruction–response pairs suitable for supervised fine-tuning. The dataset construction process is evaluated in terms of diversity, consistency, and task coverage. Experimental results show that the resulting instruction-tuning datasets improve downstream model performance while maintaining alignment with human intent. The findings demonstrate the effectiveness of combining human-written instructions with open-weight models for scalable and transparent dataset generation.Instruction-tuning has emerged as a critical technique for enhancing the usability of large language models. This study explores the use of open-weight large language models to transform human-written instructions into structured instruction-tuning datasets. A semi-automated pipeline is proposed to refine, augment, and validate instruction data while preserving semantic fidelity. Quantitative and qualitative evaluations indicate that models fine-tuned on the constructed datasets achieve improved task generalization and instruction-following behavior. The results highlight the potential of open-weight models as cost-effective tools for building high-quality instruction-tuning resources."
"ChatGPT and biometrics: an assessment of face recognition, gender detection, and age estimation capabilities","This paper assesses the capabilities and limitations of ChatGPT in the context of biometric-related tasks, specifically face recognition, gender detection, and age estimation. The study analyzes ChatGPT’s performance when responding to prompts involving biometric information, focusing on accuracy, consistency, and compliance with task constraints. Experimental evaluations indicate that while ChatGPT can provide high-level explanations and reasoning about biometric systems, it lacks direct perceptual capabilities required for reliable face recognition and demographic inference. The findings highlight a clear distinction between language-based reasoning and vision-based biometric processing, emphasizing the importance of modality-specific models for biometric applications.Biometric technologies such as face recognition, gender detection, and age estimation rely heavily on visual data and specialized machine learning models. This study evaluates ChatGPT’s role and effectiveness in biometric-related tasks through a systematic assessment of its responses to face and demographic inference scenarios. The analysis demonstrates that ChatGPT is suitable for descriptive, analytical, and advisory tasks related to biometrics but is not designed for direct biometric identification or estimation. The results clarify the capabilities and boundaries of large language models in biometric contexts and provide guidance for their appropriate use alongside dedicated biometric systems."
Stylometry recognizes human and LLM-generated texts in short samples,"This paper investigates the effectiveness of stylometric techniques in distinguishing between human-written and large language model (LLM)-generated texts using short text samples. A set of stylometric features, including character-level statistics, lexical patterns, and syntactic markers, is extracted from both text categories. Classification models are trained and evaluated on short-length samples to assess detection performance. Experimental results demonstrate that stylometric methods achieve reliable discrimination accuracy even under limited text length conditions. The findings suggest that LLM-generated texts exhibit measurable stylistic regularities that can be identified through stylometric analysis.Identifying machine-generated text in short samples presents a significant challenge due to reduced contextual information. This study evaluates whether stylometric analysis can effectively differentiate human-authored and LLM-generated texts when sample length is constrained. Using a feature-based classification framework, the analysis compares stylistic signals across both text types. The results show that despite minimal input length, stylometric features remain discriminative and enable accurate classification. This research provides empirical evidence supporting stylometry as a viable approach for detecting LLM-generated text in real-world, short-form content."
Behind India's ChatGPT Conversations: A Retrospective Analysis of 238 Unedited User Prompts,"This study presents a retrospective analysis of 238 unedited user prompts collected from ChatGPT conversations originating in India. The prompts are examined to identify thematic patterns, linguistic characteristics, and usage behaviors across different application domains. Quantitative and qualitative analyses are conducted to assess prompt intent, complexity, and interaction style. The results reveal dominant use cases related to education, programming assistance, and content generation, along with distinctive linguistic features influenced by regional and multilingual contexts. The findings provide empirical insights into how users in India interact with large language models and contribute to a better understanding of real-world LLM usage patterns.Understanding real-world user interactions is essential for evaluating large language model adoption and behavior. This paper analyzes 238 unedited ChatGPT user prompts from India to explore prompt characteristics and user engagement trends. A corpus-based methodology is employed to categorize prompts by intent, language structure, and task type. The analysis highlights diverse user objectives, varying prompt formulation strategies, and the influence of local linguistic practices. The results offer valuable evidence on regional interaction patterns with conversational AI systems and inform the design of more inclusive and context-aware language models."
A Linguistic Comparison between Human and ChatGPT-Generated Conversations,"This paper presents a linguistic comparison between human conversations and conversations generated by ChatGPT. The study analyzes structural, lexical, and pragmatic features across both conversation types using quantitative linguistic metrics. Measures such as lexical diversity, syntactic complexity, discourse coherence, and turn-taking behavior are examined. Experimental results indicate that ChatGPT-generated conversations closely approximate human conversational patterns at the surface level but exhibit reduced variability and pragmatic nuance. The findings highlight systematic linguistic differences that distinguish machine-generated dialogue from human interaction and provide insights into the conversational capabilities and limitations of large language models.Large language models have demonstrated strong performance in conversational text generation; however, their linguistic alignment with human conversation remains an open question. This study conducts a comparative linguistic analysis of human-authored and ChatGPT-generated conversations across multiple domains. Using corpus-based methods, the analysis evaluates differences in lexical choice, syntactic structure, and discourse organization. The results show that while ChatGPT-generated conversations achieve high grammatical accuracy and coherence, they display more uniform linguistic patterns compared to human dialogue. This research contributes to a deeper understanding of conversational realism in AI-generated text and informs future improvements in dialogue systems."
Optimization is Better than Generation: Optimizing Commit Message Leveraging Human-written Commit Message,"This paper investigates an optimization-based approach to commit message construction by leveraging existing human-written commit messages rather than generating messages from scratch. The proposed framework refines and restructures human-authored commit messages using optimization techniques guided by linguistic and semantic quality constraints. The approach is evaluated on software repositories using metrics such as semantic consistency, informativeness, and developer preference. Experimental results demonstrate that optimized commit messages outperform fully generated messages in terms of clarity, relevance, and alignment with code changes. The findings suggest that optimization of human-written artifacts is a more effective strategy than direct generation for commit message enhancement.Commit message quality plays a critical role in software maintenance and comprehension. This study explores whether optimizing human-written commit messages yields better outcomes than generating commit messages using automated models. By applying refinement-based optimization techniques to existing messages, the proposed method preserves human intent while improving structural and semantic quality. Comparative experiments show that optimized messages achieve higher consistency and readability compared to automatically generated counterparts. The results indicate that leveraging human-written commit messages through optimization provides a more reliable and practical solution for commit message improvement in real-world software development environments."
Seeing Through AI's Lens: Enhancing Human Skepticism Towards LLM-Generated Fake News,"This paper examines methods for enhancing human skepticism toward fake news generated by large language models (LLMs). The study analyzes how exposure to AI-generated content characteristics influences users’ ability to identify misinformation. Through controlled experiments, participants evaluate news articles produced by LLMs under different disclosure and explanation settings. The results indicate that increasing transparency about generative mechanisms and highlighting linguistic cues associated with synthetic text significantly improves users’ skepticism and detection accuracy. The findings suggest that human-centered interventions can mitigate the risks posed by LLM-generated fake news and support more resilient information consumption practices.The rapid advancement of large language models has increased the realism and scalability of fake news generation. This research investigates strategies to strengthen human skepticism toward LLM-generated misinformation. By comparing user responses to AI-generated and human-written news articles, the study evaluates the impact of awareness cues and analytical guidance on misinformation detection. Experimental results show that informed users demonstrate higher skepticism and improved judgment accuracy when assessing AI-generated fake news. The study contributes empirical insights into combating AI-driven misinformation and informs the design of effective countermeasures for digital media literacy."
Contrasting Linguistic Patterns in Human and LLM-Generated News Text,"This investigation analyzes linguistic differences between human-authored news articles and texts generated by large language models (LLMs). Outputs from six LLMs across three model families (LLaMA, Mistral, Falcon) and varying parameter sizes are compared to human-written English news from contemporary sources. Multiple linguistic dimensions are evaluated, including morphological richness, syntactic complexity, dependency structures, constituent lengths, sentence length variation, lexical diversity metrics (STTR, MTLD), psychometric properties (emotion, toxicity), and sociolinguistic biases (sexism). Results demonstrate systematic contrasts: human texts exhibit greater vocabulary richness, scattered sentence lengths, optimized dependency distances, stronger negative emotions, and inherent biases. LLM-generated texts display increased use of numbers, symbols, auxiliaries, pronouns, and heightened toxicity in larger models. Implications for AI detection and bias mitigation are examined.Large language models (LLMs) produce news-like text, yet alignment with human journalistic patterns remains unestablished. This study contrasts linguistic features in human-written news against outputs from multiple LLMs (LLaMA 7B-70B, Mistral 7B, Falcon 7B-180B) prompted with recent headlines. Analyses cover syntactic parsing (dependencies, constituents), morphological patterns, lexical diversity (type-token ratios, MTLD), sentence variability, emotional valence, toxicity levels, and gender bias indicators. Findings reveal human texts feature higher lexical diversity, diverse dependency types, shorter constituents, negative emotional dominance, and moderate biases. LLM texts show uniform sentence structures, objective markers (numerals, auxiliaries), reduced negative affect, amplified toxicity with scale, and exaggerated sexist patterns in most models. Differences exceed inter-LLM variation. Outcomes inform forensic linguistics and ethical AI deployment."
Unleashing the power of text for credit default prediction: Comparing human-written and generative AI-refined texts,"This study investigates the effectiveness of textual information for credit default prediction by comparing human-written texts with generative AI-refined texts. Natural language processing techniques are applied to extract linguistic and semantic features from both text types, which are then integrated into predictive credit risk models. Model performance is evaluated using standard classification metrics, including accuracy, precision, recall, and AUC. Experimental results indicate that generative AI-refined texts enhance feature consistency and improve predictive performance compared to raw human-written texts. The findings demonstrate the potential of generative AI as a tool for refining textual data to support more accurate and robust credit default prediction models.Textual data has become an important source of information for credit risk assessment. This paper examines the impact of generative AI-refined text on credit default prediction performance in comparison with human-authored text. Using a supervised learning framework, textual representations derived from both text sources are incorporated into credit scoring models. The comparative analysis shows that AI-refined texts reduce noise and improve model generalization while preserving essential semantic content. The results suggest that generative AI can effectively augment human-written text for financial risk modeling, offering practical implications for data-driven credit assessment systems."
"Do LLMs produce texts with ""human-like"" lexical diversity?","This study examines lexical diversity patterns in texts generated by large language models (LLMs). Texts produced by multiple GPT variants are compared to human-written samples from native and non-native English speakers across varying proficiency levels. Six dimensions of lexical diversity are analyzed: volume, variety-repetition ratio, evenness, disparity, dispersion, and abundance. Results show systematic deviations in LLM outputs, with higher uniformity in word distribution and elevated unique word usage relative to text length. Newer models exhibit greater divergence from human patterns. Implications for detecting machine-generated content and applications in linguistic analysis are discussed.Large language models (LLMs) generate coherent text, but the extent of human-like lexical diversity remains undetermined. This investigation compares outputs from four ChatGPT models against human texts collected from 240 participants representing L1 and L2 English users at different educational stages. Metrics applied include type-token ratios adjusted for length, hypergeometric distribution measures, and multi-dimensional indices capturing repetition, evenness, and dispersion. Findings indicate LLMs produce texts with hyper-diverse vocabulary profiles that exceed human norms in uniqueness and evenness while lacking natural repetition patterns. Advanced models display reduced similarity to human writing. These outcomes highlight limitations in mimicking authentic lexical sophistication."
Studying How Configurations Impact Code Generation in LLMs: the Case of ChatGPT,"This paper investigates the impact of configuration parameters on code generation performance in large language models, with a specific focus on ChatGPT. Different configuration settings, including temperature, prompt structure, and system-level constraints, are systematically analyzed to evaluate their influence on code correctness, readability, and efficiency. Experimental results demonstrate that variations in configurations significantly affect the syntactic accuracy and logical consistency of generated code. The findings highlight that lower-temperature configurations tend to produce more deterministic and structurally correct outputs, while higher-temperature settings increase diversity at the cost of reliability. This study provides empirical evidence that configuration tuning is a critical factor in optimizing code generation tasks and offers insights for researchers and practitioners aiming to improve automated programming systems. Large language models have shown strong capabilities in automated code generation; however, the role of configuration parameters in shaping output quality remains underexplored. This study examines how different configuration settings influence code generation behavior in ChatGPT. By conducting controlled experiments across multiple programming tasks, the research evaluates variations in functional correctness, error frequency, and response consistency under different configurations. The results indicate that configuration choices directly impact model performance and output stability. The analysis confirms that carefully selected configurations can significantly enhance code generation reliability. These findings contribute to a deeper understanding of configuration-sensitive behavior in large language models and support the development of more robust AI-assisted software engineering workflows."