Title,Abstract,Authors,URL
ChatGPT as a commenter to the news: can LLMs generate human-like opinions?,"ChatGPT, GPT-3.5, and other large language models (LLMs) have drawn significant attention since their release, and the abilities of these models have been investigated for a wide variety of tasks. In this research we investigate to what extent GPT-3.5 can generate human-like comments on Dutch news articles. We define human likeness as `not distinguishable from human comments', approximated by the difficulty of automatic classification between human and GPT comments. We analyze human likeness across multiple prompting techniques. In particular, we utilize zero-shot, few-shot and context prompts, for two generated personas. We found that our fine-tuned BERT models can easily distinguish human-written comments from GPT-3.5 generated comments, with none of the used prompting methods performing noticeably better. We further analyzed that human comments consistently showed higher lexical diversity than GPT-generated comments. This indicates that although generative LLMs can generate fluent text, their capability to create human-like opinionated comments is still limited.","Rayden Tseng, Suzan Verberne, Peter van der Putten",https://arxiv.org/abs/2312.13961v1
Understanding the Effects of Human-written Paraphrases in LLM-generated Text Detection,"Natural Language Generation has been rapidly developing with the advent of large language models (LLMs). While their usage has sparked significant attention from the general public, it is important for readers to be aware when a piece of text is LLM-generated. This has brought about the need for building models that enable automated LLM-generated text detection, with the aim of mitigating potential negative outcomes of such content. Existing LLM-generated detectors show competitive performances in telling apart LLM-generated and human-written text, but this performance is likely to deteriorate when paraphrased texts are considered. In this study, we devise a new data collection strategy to collect Human & LLM Paraphrase Collection (HLPC), a first-of-its-kind dataset that incorporates human-written texts and paraphrases, as well as LLM-generated texts and paraphrases. With the aim of understanding the effects of human-written paraphrases on the performance of state-of-the-art LLM-generated text detectors OpenAI RoBERTa and watermark detectors, we perform classification experiments that incorporate human-written paraphrases, watermarked and non-watermarked LLM-generated documents from GPT and OPT, and LLM-generated paraphrases from DIPPER and BART. The results show that the inclusion of human-written paraphrases has a significant impact of LLM-generated detector performance, promoting TPR@1%FPR with a possible trade-off of AUROC and accuracy.","Hiu Ting Lau, Arkaitz Zubiaga",https://arxiv.org/abs/2411.03806v1
Distinguishing LLM-generated from Human-written Code by Contrastive Learning,"Large language models (LLMs), such as ChatGPT released by OpenAI, have attracted significant attention from both industry and academia due to their demonstrated ability to generate high-quality content for various tasks. Despite the impressive capabilities of LLMs, there are growing concerns regarding their potential risks in various fields, such as news, education, and software engineering. Recently, several commercial and open-source LLM-generated content detectors have been proposed, which, however, are primarily designed for detecting natural language content without considering the specific characteristics of program code. This paper aims to fill this gap by proposing a novel ChatGPT-generated code detector, CodeGPTSensor, based on a contrastive learning framework and a semantic encoder built with UniXcoder. To assess the effectiveness of CodeGPTSensor on differentiating ChatGPT-generated code from human-written code, we first curate a large-scale Human and Machine comparison Corpus (HMCorp), which includes 550K pairs of human-written and ChatGPT-generated code (i.e., 288K Python code pairs and 222K Java code pairs). Based on the HMCorp dataset, our qualitative and quantitative analysis of the characteristics of ChatGPT-generated code reveals the challenge and opportunity of distinguishing ChatGPT-generated code from human-written code with their representative features. Our experimental results indicate that CodeGPTSensor can effectively identify ChatGPT-generated code, outperforming all selected baselines.","Xiaodan Xu, Chao Ni, Xinrong Guo, Shaoxuan Liu, Xiaoya Wang, Kui Liu, Xiaohu Yang",https://arxiv.org/abs/2411.04704v1
Differentiate ChatGPT-generated and Human-written Medical Texts,"Background: Large language models such as ChatGPT are capable of generating grammatically perfect and human-like text content, and a large number of ChatGPT-generated texts have appeared on the Internet. However, medical texts such as clinical notes and diagnoses require rigorous validation, and erroneous medical content generated by ChatGPT could potentially lead to disinformation that poses significant harm to healthcare and the general public.   Objective: This research is among the first studies on responsible and ethical AIGC (Artificial Intelligence Generated Content) in medicine. We focus on analyzing the differences between medical texts written by human experts and generated by ChatGPT, and designing machine learning workflows to effectively detect and differentiate medical texts generated by ChatGPT.   Methods: We first construct a suite of datasets containing medical texts written by human experts and generated by ChatGPT. In the next step, we analyze the linguistic features of these two types of content and uncover differences in vocabulary, part-of-speech, dependency, sentiment, perplexity, etc. Finally, we design and implement machine learning methods to detect medical text generated by ChatGPT.   Results: Medical texts written by humans are more concrete, more diverse, and typically contain more useful information, while medical texts generated by ChatGPT pay more attention to fluency and logic, and usually express general terminologies rather than effective information specific to the context of the problem. A BERT-based model can effectively detect medical texts generated by ChatGPT, and the F1 exceeds 95%.","Wenxiong Liao, Zhengliang Liu, Haixing Dai, Shaochen Xu, Zihao Wu, Yiyang Zhang, Xiaoke Huang, Dajiang Zhu, Hongmin Cai, Tianming Liu, Xiang Li",https://arxiv.org/abs/2304.11567v1
"How Close is ChatGPT to Human Experts? Comparison Corpus, Evaluation, and Detection","The introduction of ChatGPT has garnered widespread attention in both academic and industrial communities. ChatGPT is able to respond effectively to a wide range of human questions, providing fluent and comprehensive answers that significantly surpass previous public chatbots in terms of security and usefulness. On one hand, people are curious about how ChatGPT is able to achieve such strength and how far it is from human experts. On the other hand, people are starting to worry about the potential negative impacts that large language models (LLMs) like ChatGPT could have on society, such as fake news, plagiarism, and social security issues. In this work, we collected tens of thousands of comparison responses from both human experts and ChatGPT, with questions ranging from open-domain, financial, medical, legal, and psychological areas. We call the collected dataset the Human ChatGPT Comparison Corpus (HC3). Based on the HC3 dataset, we study the characteristics of ChatGPT's responses, the differences and gaps from human experts, and future directions for LLMs. We conducted comprehensive human evaluations and linguistic analyses of ChatGPT-generated content compared with that of humans, where many interesting results are revealed. After that, we conduct extensive experiments on how to effectively detect whether a certain text is generated by ChatGPT or humans. We build three different detection systems, explore several key factors that influence their effectiveness, and evaluate them in different scenarios. The dataset, code, and models are all publicly available at https://github.com/Hello-SimpleAI/chatgpt-comparison-detection.","Biyang Guo, Xin Zhang, Ziyuan Wang, Minqi Jiang, Jinran Nie, Yuxuan Ding, Jianwei Yue, Yupeng Wu",https://arxiv.org/abs/2301.07597v1
Can ChatGPT Assess Human Personalities? A General Evaluation Framework,"Large Language Models (LLMs) especially ChatGPT have produced impressive results in various areas, but their potential human-like psychology is still largely unexplored. Existing works study the virtual personalities of LLMs but rarely explore the possibility of analyzing human personalities via LLMs. This paper presents a generic evaluation framework for LLMs to assess human personalities based on Myers Briggs Type Indicator (MBTI) tests. Specifically, we first devise unbiased prompts by randomly permuting options in MBTI questions and adopt the average testing result to encourage more impartial answer generation. Then, we propose to replace the subject in question statements to enable flexible queries and assessments on different subjects from LLMs. Finally, we re-formulate the question instructions in a manner of correctness evaluation to facilitate LLMs to generate clearer responses. The proposed framework enables LLMs to flexibly assess personalities of different groups of people. We further propose three evaluation metrics to measure the consistency, robustness, and fairness of assessment results from state-of-the-art LLMs including ChatGPT and GPT-4. Our experiments reveal ChatGPT's ability to assess human personalities, and the average results demonstrate that it can achieve more consistent and fairer assessments in spite of lower robustness against prompt biases compared with InstructGPT.","Haocong Rao, Cyril Leung, Chunyan Miao",https://arxiv.org/abs/2303.01248v3
Is LLM-Generated Code More Maintainable \& Reliable than Human-Written Code?,"Background: The rise of Large Language Models (LLMs) in software development has opened new possibilities for code generation. Despite the widespread use of this technology, it remains unclear how well LLMs generate code solutions in terms of software quality and how they compare to human-written code. Aims: This study compares the internal quality attributes of LLM-generated and human-written code. Method: Our empirical study integrates datasets of coding tasks, three LLM configurations (zero-shot, few-shot, and fine-tuning), and SonarQube to assess software quality. The dataset comprises Python code solutions across three difficulty levels: introductory, interview, and competition. We analyzed key code quality metrics, including maintainability and reliability, and the estimated effort required to resolve code issues. Results: Our analysis shows that LLM-generated code has fewer bugs and requires less effort to fix them overall. Interestingly, fine-tuned models reduced the prevalence of high-severity issues, such as blocker and critical bugs, and shifted them to lower-severity categories, but decreased the model's performance. In competition-level problems, the LLM solutions sometimes introduce structural issues that are not present in human-written code. Conclusion: Our findings provide valuable insights into the quality of LLM-generated code; however, the introduction of critical issues in more complex scenarios highlights the need for a systematic evaluation and validation of LLM solutions. Our work deepens the understanding of the strengths and limitations of LLMs for code generation.","Alfred Santa Molison, Marcia Moraes, Glaucia Melo, Fabio Santos, Wesley K. G. Assuncao",https://arxiv.org/abs/2508.00700v1
Real or Fake Text?: Investigating Human Ability to Detect Boundaries Between Human-Written and Machine-Generated Text,"As text generated by large language models proliferates, it becomes vital to understand how humans engage with such text, and whether or not they are able to detect when the text they are reading did not originate with a human writer. Prior work on human detection of generated text focuses on the case where an entire passage is either human-written or machine-generated. In this paper, we study a more realistic setting where text begins as human-written and transitions to being generated by state-of-the-art neural language models. We show that, while annotators often struggle at this task, there is substantial variance in annotator skill and that given proper incentives, annotators can improve at this task over time. Furthermore, we conduct a detailed comparison study and analyze how a variety of variables (model size, decoding strategy, fine-tuning, prompt genre, etc.) affect human detection performance. Finally, we collect error annotations from our participants and use them to show that certain textual genres influence models to make different types of errors and that certain sentence-level features correlate highly with annotator selection. We release the RoFT dataset: a collection of over 21,000 human annotations paired with error classifications to encourage future work in human detection and evaluation of generated text.","Liam Dugan, Daphne Ippolito, Arun Kirubarajan, Sherry Shi, Chris Callison-Burch",https://arxiv.org/abs/2212.12672v1
Can LLM-Generated Misinformation Be Detected?,"The advent of Large Language Models (LLMs) has made a transformative impact. However, the potential that LLMs such as ChatGPT can be exploited to generate misinformation has posed a serious concern to online safety and public trust. A fundamental research question is: will LLM-generated misinformation cause more harm than human-written misinformation? We propose to tackle this question from the perspective of detection difficulty. We first build a taxonomy of LLM-generated misinformation. Then we categorize and validate the potential real-world methods for generating misinformation with LLMs. Then, through extensive empirical investigation, we discover that LLM-generated misinformation can be harder to detect for humans and detectors compared to human-written misinformation with the same semantics, which suggests it can have more deceptive styles and potentially cause more harm. We also discuss the implications of our discovery on combating misinformation in the age of LLMs and the countermeasures.","Canyu Chen, Kai Shu",https://arxiv.org/abs/2309.13788v5
Beyond Binary: Towards Fine-Grained LLM-Generated Text Detection via Role Recognition and Involvement Measurement,"The rapid development of large language models (LLMs), like ChatGPT, has resulted in the widespread presence of LLM-generated content on social media platforms, raising concerns about misinformation, data biases, and privacy violations, which can undermine trust in online discourse. While detecting LLM-generated content is crucial for mitigating these risks, current methods often focus on binary classification, failing to address the complexities of real-world scenarios like human-LLM collaboration. To move beyond binary classification and address these challenges, we propose a new paradigm for detecting LLM-generated content. This approach introduces two novel tasks: LLM Role Recognition (LLM-RR), a multi-class classification task that identifies specific roles of LLM in content generation, and LLM Influence Measurement (LLM-IM), a regression task that quantifies the extent of LLM involvement in content creation. To support these tasks, we propose LLMDetect, a benchmark designed to evaluate detectors' performance on these new tasks. LLMDetect includes the Hybrid News Detection Corpus (HNDC) for training detectors, as well as DetectEval, a comprehensive evaluation suite that considers five distinct cross-context variations and two multi-intensity variations within the same LLM role. This allows for a thorough assessment of detectors' generalization and robustness across diverse contexts. Our empirical validation of 10 baseline detection methods demonstrates that fine-tuned PLM-based models consistently outperform others on both tasks, while advanced LLMs face challenges in accurately detecting their own generated content. Our experimental results and analysis offer insights for developing more effective detection models for LLM-generated content. This research enhances the understanding of LLM-generated content and establishes a foundation for more nuanced detection methodologies.","Zihao Cheng, Li Zhou, Feng Jiang, Benyou Wang, Haizhou Li",https://arxiv.org/abs/2410.14259v2
Prompting a Large Language Model to Generate Diverse Motivational Messages: A Comparison with Human-Written Messages,"Large language models (LLMs) are increasingly capable and prevalent, and can be used to produce creative content. The quality of content is influenced by the prompt used, with more specific prompts that incorporate examples generally producing better results. On from this, it could be seen that using instructions written for crowdsourcing tasks (that are specific and include examples to guide workers) could prove effective LLM prompts. To explore this, we used a previous crowdsourcing pipeline that gave examples to people to help them generate a collectively diverse corpus of motivational messages. We then used this same pipeline to generate messages using GPT-4, and compared the collective diversity of messages from: (1) crowd-writers, (2) GPT-4 using the pipeline, and (3 & 4) two baseline GPT-4 prompts. We found that the LLM prompts using the crowdsourcing pipeline caused GPT-4 to produce more diverse messages than the two baseline prompts. We also discuss implications from messages generated by both human writers and LLMs.","Samuel Rhys Cox, Ashraf Abdul, Wei Tsang Ooi",https://arxiv.org/abs/2308.13479v1
Is ChatGPT A Good Translator? Yes With GPT-4 As The Engine,"This report provides a preliminary evaluation of ChatGPT for machine translation, including translation prompt, multilingual translation, and translation robustness. We adopt the prompts advised by ChatGPT to trigger its translation ability and find that the candidate prompts generally work well with minor performance differences. By evaluating on a number of benchmark test sets, we find that ChatGPT performs competitively with commercial translation products (e.g., Google Translate) on high-resource European languages but lags behind significantly on low-resource or distant languages. As for the translation robustness, ChatGPT does not perform as well as the commercial systems on biomedical abstracts or Reddit comments but exhibits good results on spoken language. Further, we explore an interesting strategy named $\mathbf{pivot~prompting}$ for distant languages, which asks ChatGPT to translate the source sentence into a high-resource pivot language before into the target language, improving the translation performance noticeably. With the launch of the GPT-4 engine, the translation performance of ChatGPT is significantly boosted, becoming comparable to commercial translation products, even for distant languages. Human analysis on Google Translate and ChatGPT suggests that ChatGPT with GPT-3.5 tends to generate more hallucinations and mis-translation errors while that with GPT-4 makes the least errors. In other words, ChatGPT has already become a good translator. Please refer to our Github project for more details: https://github.com/wxjiao/Is-ChatGPT-A-Good-Translator","Wenxiang Jiao, Wenxuan Wang, Jen-tse Huang, Xing Wang, Shuming Shi, Zhaopeng Tu",https://arxiv.org/abs/2301.08745v4
"AI, write an essay for me: A large-scale comparison of human-written versus ChatGPT-generated essays","Background: Recently, ChatGPT and similar generative AI models have attracted hundreds of millions of users and become part of the public discourse. Many believe that such models will disrupt society and will result in a significant change in the education system and information generation in the future. So far, this belief is based on either colloquial evidence or benchmarks from the owners of the models -- both lack scientific rigour.   Objective: Through a large-scale study comparing human-written versus ChatGPT-generated argumentative student essays, we systematically assess the quality of the AI-generated content.   Methods: A large corpus of essays was rated using standard criteria by a large number of human experts (teachers). We augment the analysis with a consideration of the linguistic characteristics of the generated essays.   Results: Our results demonstrate that ChatGPT generates essays that are rated higher for quality than human-written essays. The writing style of the AI models exhibits linguistic characteristics that are different from those of the human-written essays, e.g., it is characterized by fewer discourse and epistemic markers, but more nominalizations and greater lexical diversity.   Conclusions: Our results clearly demonstrate that models like ChatGPT outperform humans in generating argumentative essays. Since the technology is readily available for anyone to use, educators must act immediately. We must re-invent homework and develop teaching concepts that utilize these AI models in the same way as math utilized the calculator: teach the general concepts first and then use AI tools to free up time for other learning objectives.","Steffen Herbold, Annette Hautli-Janisz, Ute Heuer, Zlata Kikteva, Alexander Trautsch",https://arxiv.org/abs/2304.14276v1
"One Small Step for Generative AI, One Giant Leap for AGI: A Complete Survey on ChatGPT in AIGC Era","OpenAI has recently released GPT-4 (a.k.a. ChatGPT plus), which is demonstrated to be one small step for generative AI (GAI), but one giant leap for artificial general intelligence (AGI). Since its official release in November 2022, ChatGPT has quickly attracted numerous users with extensive media coverage. Such unprecedented attention has also motivated numerous researchers to investigate ChatGPT from various aspects. According to Google scholar, there are more than 500 articles with ChatGPT in their titles or mentioning it in their abstracts. Considering this, a review is urgently needed, and our work fills this gap. Overall, this work is the first to survey ChatGPT with a comprehensive review of its underlying technology, applications, and challenges. Moreover, we present an outlook on how ChatGPT might evolve to realize general-purpose AIGC (a.k.a. AI-generated content), which will be a significant milestone for the development of AGI.","Chaoning Zhang, Chenshuang Zhang, Chenghao Li, Yu Qiao, Sheng Zheng, Sumit Kumar Dam, Mengchun Zhang, Jung Uk Kim, Seong Tae Kim, Jinwoo Choi, Gyeong-Moon Park, Sung-Ho Bae, Lik-Hang Lee, Pan Hui, In So Kweon, Choong Seon Hong",https://arxiv.org/abs/2304.06488v1
Does Human Collaboration Enhance the Accuracy of Identifying LLM-Generated Deepfake Texts?,"Advances in Large Language Models (e.g., GPT-4, LLaMA) have improved the generation of coherent sentences resembling human writing on a large scale, resulting in the creation of so-called deepfake texts. However, this progress poses security and privacy concerns, necessitating effective solutions for distinguishing deepfake texts from human-written ones. Although prior works studied humans' ability to detect deepfake texts, none has examined whether ""collaboration"" among humans improves the detection of deepfake texts. In this study, to address this gap of understanding on deepfake texts, we conducted experiments with two groups: (1) nonexpert individuals from the AMT platform and (2) writing experts from the Upwork platform. The results demonstrate that collaboration among humans can potentially improve the detection of deepfake texts for both groups, increasing detection accuracies by 6.36% for non-experts and 12.76% for experts, respectively, compared to individuals' detection accuracies. We further analyze the explanations that humans used for detecting a piece of text as deepfake text, and find that the strongest indicator of deepfake texts is their lack of coherence and consistency. Our study provides useful insights for future tools and framework designs to facilitate the collaborative human detection of deepfake texts. The experiment datasets and AMT implementations are available at: https://github.com/huashen218/llm-deepfake-human-study.git","Adaku Uchendu, Jooyoung Lee, Hua Shen, Thai Le, Ting-Hao 'Kenneth' Huang, Dongwon Lee",https://arxiv.org/abs/2304.01002v3
Mathematical Capabilities of ChatGPT,"We investigate the mathematical capabilities of two iterations of ChatGPT (released 9-January-2023 and 30-January-2023) and of GPT-4 by testing them on publicly available datasets, as well as hand-crafted ones, using a novel methodology. In contrast to formal mathematics, where large databases of formal proofs are available (e.g., the Lean Mathematical Library), current datasets of natural-language mathematics, used to benchmark language models, either cover only elementary mathematics or are very small. We address this by publicly releasing two new datasets: GHOSTS and miniGHOSTS. These are the first natural-language datasets curated by working researchers in mathematics that (1) aim to cover graduate-level mathematics, (2) provide a holistic overview of the mathematical capabilities of language models, and (3) distinguish multiple dimensions of mathematical reasoning. These datasets also test whether ChatGPT and GPT-4 can be helpful assistants to professional mathematicians by emulating use cases that arise in the daily professional activities of mathematicians. We benchmark the models on a range of fine-grained performance metrics. For advanced mathematics, this is the most detailed evaluation effort to date. We find that ChatGPT can be used most successfully as a mathematical assistant for querying facts, acting as a mathematical search engine and knowledge base interface. GPT-4 can additionally be used for undergraduate-level mathematics but fails on graduate-level difficulty. Contrary to many positive reports in the media about GPT-4 and ChatGPT's exam-solving abilities (a potential case of selection bias), their overall mathematical performance is well below the level of a graduate student. Hence, if your goal is to use ChatGPT to pass a graduate-level math exam, you would be better off copying from your average peer!","Simon Frieder, Luca Pinchetti, Alexis Chevalier, Ryan-Rhys Griffiths, Tommaso Salvatori, Thomas Lukasiewicz, Philipp Christian Petersen, Julius Berner",https://arxiv.org/abs/2301.13867v2
Leveraging Explainable AI for LLM Text Attribution: Differentiating Human-Written and Multiple LLMs-Generated Text,"The development of Generative AI Large Language Models (LLMs) raised the alarm regarding identifying content produced through generative AI or humans. In one case, issues arise when students heavily rely on such tools in a manner that can affect the development of their writing or coding skills. Other issues of plagiarism also apply. This study aims to support efforts to detect and identify textual content generated using LLM tools. We hypothesize that LLMs-generated text is detectable by machine learning (ML), and investigate ML models that can recognize and differentiate texts generated by multiple LLMs tools. We leverage several ML and Deep Learning (DL) algorithms such as Random Forest (RF), and Recurrent Neural Networks (RNN), and utilized Explainable Artificial Intelligence (XAI) to understand the important features in attribution. Our method is divided into 1) binary classification to differentiate between human-written and AI-text, and 2) multi classification, to differentiate between human-written text and the text generated by the five different LLM tools (ChatGPT, LLaMA, Google Bard, Claude, and Perplexity). Results show high accuracy in the multi and binary classification. Our model outperformed GPTZero with 98.5\% accuracy to 78.3\%. Notably, GPTZero was unable to recognize about 4.2\% of the observations, but our model was able to recognize the complete test dataset. XAI results showed that understanding feature importance across different classes enables detailed author/source profiles. Further, aiding in attribution and supporting plagiarism detection by highlighting unique stylistic and structural elements ensuring robust content originality verification.","Ayat Najjar, Huthaifa I. Ashqar, Omar Darwish, Eman Hammad",https://arxiv.org/abs/2501.03212v1
Is ChatGPT better than Human Annotators? Potential and Limitations of ChatGPT in Explaining Implicit Hate Speech,"Recent studies have alarmed that many online hate speeches are implicit. With its subtle nature, the explainability of the detection of such hateful speech has been a challenging problem. In this work, we examine whether ChatGPT can be used for providing natural language explanations (NLEs) for implicit hateful speech detection. We design our prompt to elicit concise ChatGPT-generated NLEs and conduct user studies to evaluate their qualities by comparison with human-written NLEs. We discuss the potential and limitations of ChatGPT in the context of implicit hateful speech research.","Fan Huang, Haewoon Kwak, Jisun An",https://arxiv.org/abs/2302.07736v2
Artificial Intelligence versus Maya Angelou: Experimental evidence that people cannot differentiate AI-generated from human-written poetry,"The release of openly available, robust natural language generation algorithms (NLG) has spurred much public attention and debate. One reason lies in the algorithms' purported ability to generate human-like text across various domains. Empirical evidence using incentivized tasks to assess whether people (a) can distinguish and (b) prefer algorithm-generated versus human-written text is lacking. We conducted two experiments assessing behavioral reactions to the state-of-the-art Natural Language Generation algorithm GPT-2 (Ntotal = 830). Using the identical starting lines of human poems, GPT-2 produced samples of poems. From these samples, either a random poem was chosen (Human-out-of-the-loop) or the best one was selected (Human-in-the-loop) and in turn matched with a human-written poem. In a new incentivized version of the Turing Test, participants failed to reliably detect the algorithmically-generated poems in the Human-in-the-loop treatment, yet succeeded in the Human-out-of-the-loop treatment. Further, people reveal a slight aversion to algorithm-generated poetry, independent on whether participants were informed about the algorithmic origin of the poem (Transparency) or not (Opacity). We discuss what these results convey about the performance of NLG algorithms to produce human-like text and propose methodologies to study such learning algorithms in human-agent experimental settings.","Nils Köbis, Luca Mossink",https://arxiv.org/abs/2005.09980v2
Role-Playing Simulation Games using ChatGPT,"Since the COVID-19 pandemic, educational institutions have embarked on digital transformation projects. The success of these projects depends on integrating new technologies and understanding the needs of digitally literate students. The ""learning by doing"" approach suggests that real success in learning new skills is achieved when students can try out and practise these skills. In this article, we demonstrate how Large Language Models (LLMs) can enhance the quality of teaching by using ChatGPT in a role-playing simulation game scenario to promote active learning. Moreover, we discuss how LLMs can boost students' interest in learning by allowing them to practice real-life scenarios using ChatGPT.","Rita Stampfl, Igor Ivki?, Barbara Geyer",https://arxiv.org/abs/2402.09161v1
ChatGPT Outperforms Crowd-Workers for Text-Annotation Tasks,"Many NLP applications require manual data annotations for a variety of tasks, notably to train classifiers or evaluate the performance of unsupervised models. Depending on the size and degree of complexity, the tasks may be conducted by crowd-workers on platforms such as MTurk as well as trained annotators, such as research assistants. Using a sample of 2,382 tweets, we demonstrate that ChatGPT outperforms crowd-workers for several annotation tasks, including relevance, stance, topics, and frames detection. Specifically, the zero-shot accuracy of ChatGPT exceeds that of crowd-workers for four out of five tasks, while ChatGPT's intercoder agreement exceeds that of both crowd-workers and trained annotators for all tasks. Moreover, the per-annotation cost of ChatGPT is less than $0.003 -- about twenty times cheaper than MTurk. These results show the potential of large language models to drastically increase the efficiency of text classification.","Fabrizio Gilardi, Meysam Alizadeh, Maël Kubli",https://arxiv.org/abs/2303.15056v2
Detecting LLM-Generated Text in Computing Education: A Comparative Study for ChatGPT Cases,"Due to the recent improvements and wide availability of Large Language Models (LLMs), they have posed a serious threat to academic integrity in education. Modern LLM-generated text detectors attempt to combat the problem by offering educators with services to assess whether some text is LLM-generated. In this work, we have collected 124 submissions from computer science students before the creation of ChatGPT. We then generated 40 ChatGPT submissions. We used this data to evaluate eight publicly-available LLM-generated text detectors through the measures of accuracy, false positives, and resilience. The purpose of this work is to inform the community of what LLM-generated text detectors work and which do not, but also to provide insights for educators to better maintain academic integrity in their courses. Our results find that CopyLeaks is the most accurate LLM-generated text detector, GPTKit is the best LLM-generated text detector to reduce false positives, and GLTR is the most resilient LLM-generated text detector. We also express concerns over 52 false positives (of 114 human written submissions) generated by GPTZero. Finally, we note that all LLM-generated text detectors are less accurate with code, other languages (aside from English), and after the use of paraphrasing tools (like QuillBot). Modern detectors are still in need of improvements so that they can offer a full-proof solution to help maintain academic integrity. Further, their usability can be improved by facilitating a smooth API integration, providing clear documentation of their features and the understandability of their model(s), and supporting more commonly used languages.","Michael Sheinman Orenstrakh, Oscar Karnalim, Carlos Anibal Suarez, Michael Liut",https://arxiv.org/abs/2307.07411v1
"Distinguishing ChatGPT(-3.5, -4)-generated and human-written papers through Japanese stylometric analysis","In the first half of 2023, text-generative artificial intelligence (AI), including ChatGPT, equipped with GPT-3.5 and GPT-4, from OpenAI, has attracted considerable attention worldwide. In this study, first, we compared Japanese stylometric features of texts generated by GPT (-3.5 and -4) and those written by humans. In this work, we performed multi-dimensional scaling (MDS) to confirm the distributions of 216 texts of three classes (72 academic papers written by 36 single authors, 72 texts generated by GPT-3.5, and 72 texts generated by GPT-4 on the basis of the titles of the aforementioned papers) focusing on the following stylometric features: (1) bigrams of parts-of-speech, (2) bigram of postpositional particle words, (3) positioning of commas, and (4) rate of function words. MDS revealed distinct distributions at each stylometric feature of GPT (-3.5 and -4) and human. Although GPT-4 is more powerful than GPT-3.5 because it has more parameters, both GPT (-3.5 and -4) distributions are likely to overlap. These results indicate that although the number of parameters may increase in the future, GPT-generated texts may not be close to that written by humans in terms of stylometric features. Second, we verified the classification performance of random forest (RF) for two classes (GPT and human) focusing on Japanese stylometric features. This study revealed the high performance of RF in each stylometric feature: The RF classifier focusing on the rate of function words achieved 98.1% accuracy. Furthermore the RF classifier focusing on all stylometric features reached 100% in terms of all performance indexes (accuracy, recall, precision, and F1 score). This study concluded that at this stage we human discriminate ChatGPT from human limited to Japanese language.","Wataru Zaitsu, Mingzhe Jin",https://arxiv.org/abs/2304.05534v3
"ChatGPT Evaluation on Sentence Level Relations: A Focus on Temporal, Causal, and Discourse Relations","This paper aims to quantitatively evaluate the performance of ChatGPT, an interactive large language model, on inter-sentential relations such as temporal relations, causal relations, and discourse relations. Given ChatGPT's promising performance across various tasks, we proceed to carry out thorough evaluations on the whole test sets of 11 datasets, including temporal and causal relations, PDTB2.0-based, and dialogue-based discourse relations. To ensure the reliability of our findings, we employ three tailored prompt templates for each task, including the zero-shot prompt template, zero-shot prompt engineering (PE) template, and in-context learning (ICL) prompt template, to establish the initial baseline scores for all popular sentence-pair relation classification tasks for the first time. Through our study, we discover that ChatGPT exhibits exceptional proficiency in detecting and reasoning about causal relations, albeit it may not possess the same level of expertise in identifying the temporal order between two events. While it is capable of identifying the majority of discourse relations with existing explicit discourse connectives, the implicit discourse relation remains a formidable challenge. Concurrently, ChatGPT demonstrates subpar performance in the dialogue discourse parsing task that requires structural understanding in a dialogue before being aware of the discourse relation.","Chunkit Chan, Jiayang Cheng, Weiqi Wang, Yuxin Jiang, Tianqing Fang, Xin Liu, Yangqiu Song",https://arxiv.org/abs/2304.14827v3
Soft Prompt Threats: Attacking Safety Alignment and Unlearning in Open-Source LLMs through the Embedding Space,"Current research in adversarial robustness of LLMs focuses on discrete input manipulations in the natural language space, which can be directly transferred to closed-source models. However, this approach neglects the steady progression of open-source models. As open-source models advance in capability, ensuring their safety also becomes increasingly imperative. Yet, attacks tailored to open-source LLMs that exploit full model access remain largely unexplored. We address this research gap and propose the embedding space attack, which directly attacks the continuous embedding representation of input tokens. We find that embedding space attacks circumvent model alignments and trigger harmful behaviors more efficiently than discrete attacks or model fine-tuning. Furthermore, we present a novel threat model in the context of unlearning and show that embedding space attacks can extract supposedly deleted information from unlearned LLMs across multiple datasets and models. Our findings highlight embedding space attacks as an important threat model in open-source LLMs. Trigger Warning: the appendix contains LLM-generated text with violence and harassment.","Leo Schwinn, David Dobre, Sophie Xhonneux, Gauthier Gidel, Stephan Gunnemann",https://arxiv.org/abs/2402.09063v2
Evaluation of the Code Generation Capabilities of ChatGPT 4: A Comparative Analysis in 19 Programming Languages,"This bachelor's thesis examines the capabilities of ChatGPT 4 in code generation across 19 programming languages. The study analyzed solution rates across three difficulty levels, types of errors encountered, and code quality in terms of runtime and memory efficiency through a quantitative experiment. A total of 188 programming problems were selected from the LeetCode platform, and ChatGPT 4 was given three attempts to produce a correct solution with feedback. ChatGPT 4 successfully solved 39.67% of all tasks, with success rates decreasing significantly as problem complexity increased. Notably, the model faced considerable challenges with hard problems across all languages. ChatGPT 4 demonstrated higher competence in widely used languages, likely due to a larger volume and higher quality of training data. The solution rates also revealed a preference for languages with low abstraction levels and static typing. For popular languages, the most frequent error was ""Wrong Answer,"" whereas for less popular languages, compiler and runtime errors prevailed, suggesting frequent misunderstandings and confusion regarding the structural characteristics of these languages. The model exhibited above-average runtime efficiency in all programming languages, showing a tendency toward statically typed and low-abstraction languages. Memory efficiency results varied significantly, with above-average performance in 14 languages and below-average performance in five languages. A slight preference for low-abstraction languages and a leaning toward dynamically typed languages in terms of memory efficiency were observed. Future research should include a larger number of tasks, iterations, and less popular languages. Additionally, ChatGPT 4's abilities in code interpretation and summarization, debugging, and the development of complex, practical code could be analyzed further.  ----  Diese Bachelorarbeit untersucht die Fähigkeiten von ChatGPT 4 zur Code-Generierung in 19 Programmiersprachen. Betrachtet wurden die Lösungsraten zwischen drei Schwierigkeitsgraden, die aufgetretenen Fehlerarten und die Qualität des Codes hinsichtlich der Laufzeit- und Speichereffizienz in einem quantitativen Experiment. Dabei wurden 188 Programmierprobleme der Plattform LeetCode entnommen, wobei ChatGPT 4 jeweils drei Versuche hatte, mittels Feedback eine korrekte Lösung zu generieren. ChatGPT 4 löste    39,67 % aller Aufgaben erfolgreich, wobei die Erfolgsrate mit zunehmendem Schwierigkeitsgrad deutlich abnahm und bei komplexen Problemen in allen Sprachen signifikante Schwierigkeiten auftraten. Das Modell zeigte eine höhere Kompetenz in weit verbreiteten Sprachen, was wahrscheinlich auf eine größere Menge und höhere Qualität der Trainingsdaten zurückzuführen ist. Bezüglich der Lösungsraten zeigte das Modell zudem eine Präferenz für Sprachen mit niedrigem Abstraktionsniveau und statischer Typisierung. Bei Sprachen hoher Popularität trat der Fehler Wrong Answer am häufigsten auf, während bei weniger populären Sprachen Compiler- und Laufzeitfehler überwogen, was auf häufige Missverständnisse und Verwechslungen bezüglich der spezifischen strukturellen Eigenschaften dieser Sprachen zurückzuführen ist. ChatGPT 4 demonstrierte in allen Programmiersprachen eine überdurchschnittliche Laufzeiteffizienz und tendierte diesbezüglich erneut zu statisch typisierten und niedrig abstrahierten Sprachen. Die Werte zur Speichereffizienz variierten erheblich, wobei in 14 Sprachen überdurchschnittliche und in fünf Sprachen unterdurchschnittliche Werte erzielt wurden. Es zeigte sich diesbezüglich eine leichte Tendenz zugunsten von niedrig abstrahierten sowie eine Präferenz zu dynamisch typisierten Sprachen. Zukünftige Forschung sollte eine höhere Anzahl an Aufgaben, Iterationen und unpopulären Sprachen einbeziehen. Darüber hinaus könnten die Fähigkeiten von ChatGPT 4 in der Code-Interpretation und -Zusammenfassung, im Debugging und in der Entwicklung komplexer, praxisbezogener Codes analysiert werden.",L. C. Gilbert,https://arxiv.org/abs/2501.02338v1
GPT-Sentinel: Distinguishing Human and ChatGPT Generated Content,"This paper presents a novel approach for detecting ChatGPT-generated vs. human-written text using language models. To this end, we first collected and released a pre-processed dataset named OpenGPTText, which consists of rephrased content generated using ChatGPT. We then designed, implemented, and trained two different models for text classification, using Robustly Optimized BERT Pretraining Approach (RoBERTa) and Text-to-Text Transfer Transformer (T5), respectively. Our models achieved remarkable results, with an accuracy of over 97% on the test dataset, as evaluated through various metrics. Furthermore, we conducted an interpretability study to showcase our model's ability to extract and differentiate key features between human-written and ChatGPT-generated text. Our findings provide important insights into the effective use of language models to detect generated text.","Yutian Chen, Hao Kang, Vivian Zhai, Liangze Li, Rita Singh, Bhiksha Raj",https://arxiv.org/abs/2305.07969v2
Fighting Fire with Fire: Can ChatGPT Detect AI-generated Text?,"Large language models (LLMs) such as ChatGPT are increasingly being used for various use cases, including text content generation at scale. Although detection methods for such AI-generated text exist already, we investigate ChatGPT's performance as a detector on such AI-generated text, inspired by works that use ChatGPT as a data labeler or annotator. We evaluate the zero-shot performance of ChatGPT in the task of human-written vs. AI-generated text detection, and perform experiments on publicly available datasets. We empirically investigate if ChatGPT is symmetrically effective in detecting AI-generated or human-written text. Our findings provide insight on how ChatGPT and similar LLMs may be leveraged in automated detection pipelines by simply focusing on solving a specific aspect of the problem and deriving the rest from that solution. All code and data is available at https://github.com/AmritaBh/ChatGPT-as-Detector.","Amrita Bhattacharjee, Huan Liu",https://arxiv.org/abs/2308.01284v2
ChatGPT Informed Graph Neural Network for Stock Movement Prediction,"ChatGPT has demonstrated remarkable capabilities across various natural language processing (NLP) tasks. However, its potential for inferring dynamic network structures from temporal textual data, specifically financial news, remains an unexplored frontier. In this research, we introduce a novel framework that leverages ChatGPT's graph inference capabilities to enhance Graph Neural Networks (GNN). Our framework adeptly extracts evolving network structures from textual data, and incorporates these networks into graph neural networks for subsequent predictive tasks. The experimental results from stock movement forecasting indicate our model has consistently outperformed the state-of-the-art Deep Learning-based benchmarks. Furthermore, the portfolios constructed based on our model's outputs demonstrate higher annualized cumulative returns, alongside reduced volatility and maximum drawdown. This superior performance highlights the potential of ChatGPT for text-based network inferences and underscores its promising implications for the financial sector.","Zihan Chen, Lei Nico Zheng, Cheng Lu, Jialu Yuan, Di Zhu",https://arxiv.org/abs/2306.03763v4
Discriminating Human-authored from ChatGPT-Generated Code Via Discernable Feature Analysis,"The ubiquitous adoption of Large Language Generation Models (LLMs) in programming has underscored the importance of differentiating between human-written code and code generated by intelligent models. This paper specifically aims to distinguish code generated by ChatGPT from that authored by humans. Our investigation reveals disparities in programming style, technical level, and readability between these two sources. Consequently, we develop a discriminative feature set for differentiation and evaluate its efficacy through ablation experiments. Additionally, we devise a dataset cleansing technique, which employs temporal and spatial segmentation, to mitigate the dearth of datasets and to secure high-caliber, uncontaminated datasets. To further enrich data resources, we employ ""code transformation,"" ""feature transformation,"" and ""feature customization"" techniques, generating an extensive dataset comprising 10,000 lines of ChatGPT-generated code. The salient contributions of our research include: proposing a discriminative feature set yielding high accuracy in differentiating ChatGPT-generated code from human-authored code in binary classification tasks; devising methods for generating extensive ChatGPT-generated codes; and introducing a dataset cleansing strategy that extracts immaculate, high-grade code datasets from open-source repositories, thus achieving exceptional accuracy in code authorship attribution tasks.","Li Ke, Hong Sheng, Fu Cai, Zhang Yunhe, Liu Ming",https://arxiv.org/abs/2306.14397v2
Is this Snippet Written by ChatGPT? An Empirical Study with a CodeBERT-Based Classifier,"Since its launch in November 2022, ChatGPT has gained popularity among users, especially programmers who use it as a tool to solve development problems. However, while offering a practical solution to programming problems, ChatGPT should be mainly used as a supporting tool (e.g., in software education) rather than as a replacement for the human being. Thus, detecting automatically generated source code by ChatGPT is necessary, and tools for identifying AI-generated content may need to be adapted to work effectively with source code. This paper presents an empirical study to investigate the feasibility of automated identification of AI-generated code snippets, and the factors that influence this ability. To this end, we propose a novel approach called GPTSniffer, which builds on top of CodeBERT to detect source code written by AI. The results show that GPTSniffer can accurately classify whether code is human-written or AI-generated, and outperforms two baselines, GPTZero and OpenAI Text Classifier. Also, the study shows how similar training data or a classification context with paired snippets helps to boost classification performances.","Phuong T. Nguyen, Juri Di Rocco, Claudio Di Sipio, Riccardo Rubei, Davide Di Ruscio, Massimiliano Di Penta",https://arxiv.org/abs/2307.09381v2
On Fusing ChatGPT and Ensemble Learning in Discon-tinuous Named Entity Recognition in Health Corpora,"Named Entity Recognition has traditionally been a key task in natural language processing, aiming to identify and extract important terms from unstructured text data. However, a notable challenge for contemporary deep-learning NER models has been identifying discontinuous entities, which are often fragmented within the text. To date, methods to address Discontinuous Named Entity Recognition have not been explored using ensemble learning to the best of our knowledge. Furthermore, the rise of large language models, such as ChatGPT in recent years, has shown significant effectiveness across many NLP tasks. Most existing approaches, however, have primarily utilized ChatGPT as a problem-solving tool rather than exploring its potential as an integrative element within ensemble learning algorithms. In this study, we investigated the integration of ChatGPT as an arbitrator within an ensemble method, aiming to enhance performance on DNER tasks. Our method combines five state-of-the-art NER models with ChatGPT using custom prompt engineering to assess the robustness and generalization capabilities of the ensemble algorithm. We conducted experiments on three benchmark medical datasets, comparing our method against the five SOTA models, individual applications of GPT-3.5 and GPT-4, and a voting ensemble method. The results indicate that our proposed fusion of ChatGPT with the ensemble learning algorithm outperforms the SOTA results in the CADEC, ShARe13, and ShARe14 datasets, showcasing its potential to enhance NLP applications in the healthcare domain.","Tzu-Chieh Chen, Wen-Yang Lin",https://arxiv.org/abs/2412.16976v3
A Prescriptive Learning Analytics Framework: Beyond Predictive Modelling and onto Explainable AI with Prescriptive Analytics and ChatGPT,"A significant body of recent research in the field of Learning Analytics has focused on leveraging machine learning approaches for predicting at-risk students in order to initiate timely interventions and thereby elevate retention and completion rates. The overarching feature of the majority of these research studies has been on the science of prediction only. The component of predictive analytics concerned with interpreting the internals of the models and explaining their predictions for individual cases to stakeholders has largely been neglected. Additionally, works that attempt to employ data-driven prescriptive analytics to automatically generate evidence-based remedial advice for at-risk learners are in their infancy.   eXplainable AI is a field that has recently emerged providing cutting-edge tools which support transparent predictive analytics and techniques for generating tailored advice for at-risk students. This study proposes a novel framework that unifies both transparent machine learning as well as techniques for enabling prescriptive analytics, while integrating the latest advances in large language models. This work practically demonstrates the proposed framework using predictive models for identifying at-risk learners of programme non-completion. The study then further demonstrates how predictive modelling can be augmented with prescriptive analytics on two case studies in order to generate human-readable prescriptive feedback for those who are at risk using ChatGPT.",Teo Susnjak,https://arxiv.org/abs/2208.14582v2
CHEAT: A Large-scale Dataset for Detecting ChatGPT-writtEn AbsTracts,"The powerful ability of ChatGPT has caused widespread concern in the academic community. Malicious users could synthesize dummy academic content through ChatGPT, which is extremely harmful to academic rigor and originality. The need to develop ChatGPT-written content detection algorithms call for large-scale datasets. In this paper, we initially investigate the possible negative impact of ChatGPT on academia,and present a large-scale CHatGPT-writtEn AbsTract dataset (CHEAT) to support the development of detection algorithms. In particular, the ChatGPT-written abstract dataset contains 35,304 synthetic abstracts, with Generation, Polish, and Mix as prominent representatives. Based on these data, we perform a thorough analysis of the existing text synthesis detection algorithms. We show that ChatGPT-written abstracts are detectable, while the detection difficulty increases with human involvement.Our dataset is available in https://github.com/botianzhe/CHEAT.","Peipeng Yu, Jiahan Chen, Xuan Feng, Zhihua Xia",https://arxiv.org/abs/2304.12008v2
ChatGPT and Human Synergy in Black-Box Testing: A Comparative Analysis,"In recent years, large language models (LLMs), such as ChatGPT, have been pivotal in advancing various artificial intelligence applications, including natural language processing and software engineering. A promising yet underexplored area is utilizing LLMs in software testing, particularly in black-box testing. This paper explores the test cases devised by ChatGPT in comparison to those created by human participants. In this study, ChatGPT (GPT-4) and four participants each created black-box test cases for three applications based on specifications written by the authors. The goal was to evaluate the real-world applicability of the proposed test cases, identify potential shortcomings, and comprehend how ChatGPT could enhance human testing strategies. ChatGPT can generate test cases that generally match or slightly surpass those created by human participants in terms of test viewpoint coverage. Additionally, our experiments demonstrated that when ChatGPT cooperates with humans, it can cover considerably more test viewpoints than each can achieve alone, suggesting that collaboration between humans and ChatGPT may be more effective than human pairs working together. Nevertheless, we noticed that the test cases generated by ChatGPT have certain issues that require addressing before use.","Hiroyuki Kirinuki, Haruto Tanno",https://arxiv.org/abs/2401.13924v1
LLM-as-a-Coauthor: Can Mixed Human-Written and Machine-Generated Text Be Detected?,"With the rapid development and widespread application of Large Language Models (LLMs), the use of Machine-Generated Text (MGT) has become increasingly common, bringing with it potential risks, especially in terms of quality and integrity in fields like news, education, and science. Current research mainly focuses on purely MGT detection without adequately addressing mixed scenarios, including AI-revised Human-Written Text (HWT) or human-revised MGT. To tackle this challenge, we define mixtext, a form of mixed text involving both AI and human-generated content. Then, we introduce MixSet, the first dataset dedicated to studying these mixtext scenarios. Leveraging MixSet, we executed comprehensive experiments to assess the efficacy of prevalent MGT detectors in handling mixtext situations, evaluating their performance in terms of effectiveness, robustness, and generalization. Our findings reveal that existing detectors struggle to identify mixtext, particularly in dealing with subtle modifications and style adaptability. This research underscores the urgent need for more fine-grain detectors tailored for mixtext, offering valuable insights for future research. Code and Models are available at https://github.com/Dongping-Chen/MixSet.","Qihui Zhang, Chujie Gao, Dongping Chen, Yue Huang, Yixin Huang, Zhenyang Sun, Shilin Zhang, Weiye Li, Zhengyan Fu, Yao Wan, Lichao Sun",https://arxiv.org/abs/2401.05952v2
Consistent Explainers or Unreliable Narrators? Understanding LLM-generated Group Recommendations,"Large Language Models (LLMs) are increasingly being implemented as joint decision-makers and explanation generators for Group Recommender Systems (GRS). In this paper, we evaluate these recommendations and explanations by comparing them to social choice-based aggregation strategies. Our results indicate that LLM-generated recommendations often resembled those produced by Additive Utilitarian (ADD) aggregation. However, the explanations typically referred to averaging ratings (resembling but not identical to ADD aggregation). Group structure, uniform or divergent, did not impact the recommendations. Furthermore, LLMs regularly claimed additional criteria such as user or item similarity, diversity, or used undefined popularity metrics or thresholds. Our findings have important implications for LLMs in the GRS pipeline as well as standard aggregation strategies. Additional criteria in explanations were dependent on the number of ratings in the group scenario, indicating potential inefficiency of standard aggregation methods at larger item set sizes. Additionally, inconsistent and ambiguous explanations undermine transparency and explainability, which are key motivations behind the use of LLMs for GRS.","Cedric Waterschoot, Nava Tintarev, Francesco Barile",https://arxiv.org/abs/2507.13705v1
"Human-Written vs. AI-Generated Code: A Large-Scale Study of Defects, Vulnerabilities, and Complexity","As AI code assistants become increasingly integrated into software development workflows, understanding how their code compares to human-written programs is critical for ensuring reliability, maintainability, and security. In this paper, we present a large-scale comparison of code authored by human developers and three state-of-the-art LLMs, i.e., ChatGPT, DeepSeek-Coder, and Qwen-Coder, on multiple dimensions of software quality: code defects, security vulnerabilities, and structural complexity. Our evaluation spans over 500k code samples in two widely used languages, Python and Java, classifying defects via Orthogonal Defect Classification and security vulnerabilities using the Common Weakness Enumeration. We find that AI-generated code is generally simpler and more repetitive, yet more prone to unused constructs and hardcoded debugging, while human-written code exhibits greater structural complexity and a higher concentration of maintainability issues. Notably, AI-generated code also contains more high-risk security vulnerabilities. These findings highlight the distinct defect profiles of AI- and human-authored code and underscore the need for specialized quality assurance practices in AI-assisted programming.","Domenico Cotroneo, Cristina Improta, Pietro Liguori",https://arxiv.org/abs/2508.21634v1
The Imitation Game: Detecting Human and AI-Generated Texts in the Era of ChatGPT and BARD,"The potential of artificial intelligence (AI)-based large language models (LLMs) holds considerable promise in revolutionizing education, research, and practice. However, distinguishing between human-written and AI-generated text has become a significant task. This paper presents a comparative study, introducing a novel dataset of human-written and LLM-generated texts in different genres: essays, stories, poetry, and Python code. We employ several machine learning models to classify the texts. Results demonstrate the efficacy of these models in discerning between human and AI-generated text, despite the dataset's limited sample size. However, the task becomes more challenging when classifying GPT-generated text, particularly in story writing. The results indicate that the models exhibit superior performance in binary classification tasks, such as distinguishing human-generated text from a specific LLM, compared to the more complex multiclass tasks that involve discerning among human-generated and multiple LLMs. Our findings provide insightful implications for AI text detection while our dataset paves the way for future research in this evolving area.","Kadhim Hayawi, Sakib Shahriar, Sujith Samuel Mathew",https://arxiv.org/abs/2307.12166v2
Building Instruction-Tuning Datasets from Human-Written Instructions with Open-Weight Large Language Models,"Instruction tuning is crucial for enabling Large Language Models (LLMs) to solve real-world tasks. Prior work has shown the effectiveness of instruction-tuning data synthesized solely from LLMs, raising a fundamental question: Do we still need human-originated signals for instruction tuning? This work answers the question affirmatively: we build state-of-the-art instruction-tuning datasets sourced from human-written instructions, by simply pairing them with LLM-generated responses. LLMs fine-tuned on our datasets consistently outperform those fine-tuned on existing ones. Our data construction approach can be easily adapted to other languages; we build datasets for Japanese and confirm that LLMs tuned with our data reach state-of-the-art performance. Analyses suggest that instruction-tuning in a new language allows LLMs to follow instructions, while the tuned models exhibit a notable lack of culture-specific knowledge in that language. The datasets and fine-tuned models will be publicly available. Our datasets, synthesized with open-weight LLMs, are openly distributed under permissive licenses, allowing for diverse use cases.","Youmi Ma, Sakae Mizuki, Kazuki Fujii, Taishi Nakamura, Masanari Ohi, Hinari Shimada, Taihei Shiotani, Koshiro Saito, Koki Maeda, Kakeru Hattori, Takumi Okamoto, Shigeki Ishida, Rio Yokota, Hiroya Takamura, Naoaki Okazaki",https://arxiv.org/abs/2503.23714v2
"ChatGPT and biometrics: an assessment of face recognition, gender detection, and age estimation capabilities","This paper explores the application of large language models (LLMs), like ChatGPT, for biometric tasks. We specifically examine the capabilities of ChatGPT in performing biometric-related tasks, with an emphasis on face recognition, gender detection, and age estimation. Since biometrics are considered as sensitive information, ChatGPT avoids answering direct prompts, and thus we crafted a prompting strategy to bypass its safeguard and evaluate the capabilities for biometrics tasks. Our study reveals that ChatGPT recognizes facial identities and differentiates between two facial images with considerable accuracy. Additionally, experimental results demonstrate remarkable performance in gender detection and reasonable accuracy for the age estimation tasks. Our findings shed light on the promising potentials in the application of LLMs and foundation models for biometrics.","Ahmad Hassanpour, Yasamin Kowsari, Hatef Otroshi Shahreza, Bian Yang, Sebastien Marcel",https://arxiv.org/abs/2403.02965v2
Stylometry recognizes human and LLM-generated texts in short samples,"The paper explores stylometry as a method to distinguish between texts created by Large Language Models (LLMs) and humans, addressing issues of model attribution, intellectual property, and ethical AI use. Stylometry has been used extensively to characterise the style and attribute authorship of texts. By applying it to LLM-generated texts, we identify their emergent writing patterns. The paper involves creating a benchmark dataset based on Wikipedia, with (a) human-written term summaries, (b) texts generated purely by LLMs (GPT-3.5/4, LLaMa 2/3, Orca, and Falcon), (c) processed through multiple text summarisation methods (T5, BART, Gensim, and Sumy), and (d) rephrasing methods (Dipper, T5). The 10-sentence long texts were classified by tree-based models (decision trees and LightGBM) using human-designed (StyloMetrix) and n-gram-based (our own pipeline) stylometric features that encode lexical, grammatical, syntactic, and punctuation patterns. The cross-validated results reached a performance of up to .87 Matthews correlation coefficient in the multiclass scenario with 7 classes, and accuracy between .79 and 1. in binary classification, with the particular example of Wikipedia and GPT-4 reaching up to .98 accuracy on a balanced dataset. Shapley Additive Explanations pinpointed features characteristic of the encyclopaedic text type, individual overused words, as well as a greater grammatical standardisation of LLMs with respect to human-written texts. These results show -- crucially, in the context of the increasingly sophisticated LLMs -- that it is possible to distinguish machine- from human-generated texts at least for a well-defined text type.","Karol Przystalski, Jan K. Argasi?ski, Iwona Grabska-Gradzi?ska, Jeremi K. Ochab",https://arxiv.org/abs/2507.00838v2
Behind India's ChatGPT Conversations: A Retrospective Analysis of 238 Unedited User Prompts,"Understanding how users authentically interact with Large Language Models (LLMs) remains a significant challenge in human-computer interaction research. Most existing studies rely on self-reported usage patterns or controlled experimental conditions, potentially missing genuine behavioral adaptations. This study presents a behavioral analysis of the use of English-speaking urban professional ChatGPT in India based on 238 authentic, unedited user prompts from 40 participants in 15+ Indian cities, collected using retrospective survey methodology in August 2025. Using authentic retrospective prompt collection via anonymous social media survey to minimize real-time observer effects, we analyzed genuine usage patterns. Key findings include: (1) 85\% daily usage rate (34/40 users) indicating mature adoption beyond experimental use, (2) evidence of cross-domain integration spanning professional, personal, health and creative contexts among the majority of users, (3) 42.5\% (17/40) primarily use ChatGPT for professional workflows with evidence of real-time problem solving integration, and (4) cultural context navigation strategies with users incorporating Indian cultural specifications in their prompts. Users develop sophisticated adaptation techniques and the formation of advisory relationships for personal guidance. The study reveals the progression from experimental to essential workflow dependency, with users treating ChatGPT as an integrated life assistant rather than a specialized tool. However, the findings are limited to urban professionals in English recruited through social media networks and require a larger demographic validation. This work contributes a novel methodology to capture authentic AI usage patterns and provides evidence-based insights into cultural adaptation strategies among this specific demographic of users.",Kalyani Khona,https://arxiv.org/abs/2509.13337v1
A Linguistic Comparison between Human and ChatGPT-Generated Conversations,"This study explores linguistic differences between human and LLM-generated dialogues, using 19.5K dialogues generated by ChatGPT-3.5 as a companion to the EmpathicDialogues dataset. The research employs Linguistic Inquiry and Word Count (LIWC) analysis, comparing ChatGPT-generated conversations with human conversations across 118 linguistic categories. Results show greater variability and authenticity in human dialogues, but ChatGPT excels in categories such as social processes, analytical style, cognition, attentional focus, and positive emotional tone, reinforcing recent findings of LLMs being ""more human than human."" However, no significant difference was found in positive or negative affect between ChatGPT and human dialogues. Classifier analysis of dialogue embeddings indicates implicit coding of the valence of affect despite no explicit mention of affect in the conversations. The research also contributes a novel, companion ChatGPT-generated dataset of conversations between two independent chatbots, which were designed to replicate a corpus of human conversations available for open access and used widely in AI research on language modeling. Our findings enhance understanding of ChatGPT's linguistic capabilities and inform ongoing efforts to distinguish between human and LLM-generated text, which is critical in detecting AI-generated fakes, misinformation, and disinformation.","Morgan Sandler, Hyesun Choung, Arun Ross, Prabu David",https://arxiv.org/abs/2401.16587v3
Optimization is Better than Generation: Optimizing Commit Message Leveraging Human-written Commit Message,"Commit messages are crucial in software development, supporting maintenance tasks and communication among developers. While Large Language Models (LLMs) have advanced Commit Message Generation (CMG) using various software contexts, some contexts developers consider are often missed by CMG techniques and can't be easily retrieved or even retrieved at all by automated tools. To address this, we propose Commit Message Optimization (CMO), which enhances human-written messages by leveraging LLMs and search-based optimization. CMO starts with human-written messages and iteratively improves them by integrating key contexts and feedback from external evaluators. Our extensive evaluation shows CMO generates commit messages that are significantly more Rational, Comprehensive, and Expressive while outperforming state-of-the-art CMG methods and human messages 88.2%-95.4% of the time.","Jiawei Li, David Faragó, Christian Petrov, Iftekhar Ahmed",https://arxiv.org/abs/2501.09861v1
Seeing Through AI's Lens: Enhancing Human Skepticism Towards LLM-Generated Fake News,"LLMs offer valuable capabilities, yet they can be utilized by malicious users to disseminate deceptive information and generate fake news. The growing prevalence of LLMs poses difficulties in crafting detection approaches that remain effective across various text domains. Additionally, the absence of precautionary measures for AI-generated news on online social platforms is concerning. Therefore, there is an urgent need to improve people's ability to differentiate between news articles written by humans and those produced by LLMs. By providing cues in human-written and LLM-generated news, we can help individuals increase their skepticism towards fake LLM-generated news. This paper aims to elucidate simple markers that help individuals distinguish between articles penned by humans and those created by LLMs. To achieve this, we initially collected a dataset comprising 39k news articles authored by humans or generated by four distinct LLMs with varying degrees of fake. We then devise a metric named Entropy-Shift Authorship Signature (ESAS) based on the information theory and entropy principles. The proposed ESAS ranks terms or entities, like POS tagging, within news articles based on their relevance in discerning article authorship. We demonstrate the effectiveness of our metric by showing the high accuracy attained by a basic method, i.e., TF-IDF combined with logistic regression classifier, using a small set of terms with the highest ESAS score. Consequently, we introduce and scrutinize these top ESAS-ranked terms to aid individuals in strengthening their skepticism towards LLM-generated fake news.","Navid Ayoobi, Sadat Shahriar, Arjun Mukherjee",https://arxiv.org/abs/2406.14012v1
Contrasting Linguistic Patterns in Human and LLM-Generated News Text,"We conduct a quantitative analysis contrasting human-written English news text with comparable large language model (LLM) output from six different LLMs that cover three different families and four sizes in total. Our analysis spans several measurable linguistic dimensions, including morphological, syntactic, psychometric, and sociolinguistic aspects. The results reveal various measurable differences between human and AI-generated texts. Human texts exhibit more scattered sentence length distributions, more variety of vocabulary, a distinct use of dependency and constituent types, shorter constituents, and more optimized dependency distances. Humans tend to exhibit stronger negative emotions (such as fear and disgust) and less joy compared to text generated by LLMs, with the toxicity of these models increasing as their size grows. LLM outputs use more numbers, symbols and auxiliaries (suggesting objective language) than human texts, as well as more pronouns. The sexist bias prevalent in human text is also expressed by LLMs, and even magnified in all of them but one. Differences between LLMs and humans are larger than between LLMs.","Alberto Muńoz-Ortiz, Carlos Gómez-Rodríguez, David Vilares",https://arxiv.org/abs/2308.09067v3
Unleashing the power of text for credit default prediction: Comparing human-written and generative AI-refined texts,"This study explores the integration of a representative large language model, ChatGPT, into lending decision-making with a focus on credit default prediction. Specifically, we use ChatGPT to analyse and interpret loan assessments written by loan officers and generate refined versions of these texts. Our comparative analysis reveals significant differences between generative artificial intelligence (AI)-refined and human-written texts in terms of text length, semantic similarity, and linguistic representations. Using deep learning techniques, we show that incorporating unstructured text data, particularly ChatGPT-refined texts, alongside conventional structured data significantly enhances credit default predictions. Furthermore, we demonstrate how the contents of both human-written and ChatGPT-refined assessments contribute to the models' prediction and show that the effect of essential words is highly context-dependent. Moreover, we find that ChatGPT's analysis of borrower delinquency contributes the most to improving predictive accuracy. We also evaluate the business impact of the models based on human-written and ChatGPT-refined texts, and find that, in most cases, the latter yields higher profitability than the former. This study provides valuable insights into the transformative potential of generative AI in financial services.","Zongxiao Wu, Yizhe Dong, Yaoyiran Li, Baofeng Shi",https://arxiv.org/abs/2503.18029v1
"Do LLMs produce texts with ""human-like"" lexical diversity?","The degree to which large language models (LLMs) produce writing that is truly human-like remains unclear despite the extensive empirical attention that this question has received. The present study addresses this question from the perspective of lexical diversity. Specifically, the study investigates patterns of lexical diversity in LLM-generated texts from four ChatGPT models (ChatGPT-3.5, ChatGPT-4, ChatGPT-o4 mini, and ChatGPT-4.5) in comparison with texts written by L1 and L2 English participants (n = 240) across four education levels. Six dimensions of lexical diversity were measured in each text: volume, abundance, variety-repetition, evenness, disparity, and dispersion. Results from one-way MANOVAs, one-way ANOVAs, and Support Vector Machines revealed that the ChatGPT-generated texts differed significantly from human-written texts for each variable, with ChatGPT-o4 mini and ChatGPT-4.5 differing the most. Within these two groups, ChatGPT-4.5 demonstrated higher levels of lexical diversity than older models despite producing fewer tokens. The human writers' lexical diversity did not differ across subgroups (i.e., education, language status). Altogether, the results indicate that ChatGPT models do not produce human-like texts in relation to lexical diversity, and the newer models produce less human-like text than older models. We discuss the implications of these results for language pedagogy and related applications.","Kelly Kendro, Jeffrey Maloney, Scott Jarvis",https://arxiv.org/abs/2508.00086v2
Studying How Configurations Impact Code Generation in LLMs: the Case of ChatGPT,"Leveraging LLMs for code generation is becoming increasingly common, as tools like ChatGPT can suggest method implementations with minimal input, such as a method signature and brief description. Empirical studies further highlight the effectiveness of LLMs in handling such tasks, demonstrating notable performance in code generation scenarios. However, LLMs are inherently non-deterministic, with their output influenced by parameters such as temperature, which regulates the model's level of creativity, and top-p, which controls the choice of the tokens that shall appear in the output. Despite their significance, the role of these parameters is often overlooked. This paper systematically studies the impact of these parameters, as well as the number of prompt repetitions required to account for non-determinism, in the context of 548 Java methods. We observe significantly different performances across different configurations of ChatGPT, with temperature having a marginal impact compared to the more prominent influence of the top-p parameter. Additionally, we show how creativity can enhance code generation tasks. Finally, we provide concrete recommendations for addressing the non-determinism of the model.","Benedetta Donato, Leonardo Mariani, Daniela Micucci, Oliviero Riganelli",https://arxiv.org/abs/2502.17450v1
